,robot_speed,robot_speed_kmh,simulation_duration,generation,robot_0_start,robot_0_end,robot_1_start,robot_1_end,robot_2_start,robot_2_end,robot_3_start,robot_3_end,robot_4_start,robot_4_end,robot_5_start,robot_5_end,robot_6_start,robot_6_end,robot_7_start,robot_7_end,delivery_rate_comb_std,utilization_rate_comb_std,num_risks_comb_std,robot_8_start,robot_8_end,robot_9_start,robot_9_end,num_risks,num_delivered,utilization_rate,delivery_rate,num_risks_std,num_delivered_std,utilization_rate_std,delivery_rate_std,simulations,num_delivered_0,utilization_rate_0,delivery_rate_0,num_risks_0,unique_id_0,seed_0,requests_per_hour_0,execution_time_0,num_delivered_1,utilization_rate_1,delivery_rate_1,num_risks_1,unique_id_1,seed_1,requests_per_hour_1,execution_time_1,num_delivered_2,utilization_rate_2,delivery_rate_2,num_risks_2,unique_id_2,seed_2,requests_per_hour_2,execution_time_2,num_delivered_3,utilization_rate_3,delivery_rate_3,num_risks_3,unique_id_3,seed_3,requests_per_hour_3,execution_time_3,num_delivered_4,utilization_rate_4,delivery_rate_4,num_risks_4,unique_id_4,seed_4,requests_per_hour_4,execution_time_4,sequential_execution_time,execution_time
0,194,19.4,5,0,10,14,9,11,9,12,10,12,9,10,11,14,11,14,10,12,0.4,0.9383270527467732,17.748867372326576,0,0,0,0,14.88,20.0,0.948890625,0.4,1.434433686163288,0.0,0.005281786126613401,0.0,5,20.0,0.9428674768518518,0.4,12.8,0,212399885001,50,199.55949568748474,20.0,0.9451359953703702,0.4,15.4,1,374988376638,50,198.78486371040344,20.0,0.9539409722222221,0.4,16.4,2,431053971709,50,187.80114912986755,20.0,0.9461342592592591,0.4,13.6,3,208572859484,50,192.7592101097107,20.0,0.9563744212962962,0.4,16.2,4,847390121387,50,187.79579615592957,966.700514793396,200.10538411140442
1,86,8.6,5,0,10,11,12,13,11,12,9,12,11,12,9,13,10,14,10,11,0.30344244923464075,0.9147501728159781,12.384499877989256,12,14,0,0,11.36,15.76,0.9335046296296294,0.31520000000000004,0.5122499389946281,0.2939387691339812,0.009377228406825668,0.005878775382679633,5,16.0,0.9477083333333332,0.32,12.0,5,212399885001,50,182.8841996192932,16.0,0.940488683127572,0.32,11.0,6,374988376638,50,190.66937232017517,15.4,0.9303292181069958,0.308,10.6,7,431053971709,50,219.22717666625977,16.0,0.9273996913580245,0.32,11.4,8,208572859484,50,202.23732995986938,15.4,0.9215972222222221,0.308,11.8,9,847390121387,50,227.60610818862915,1022.6241867542267,227.76973247528076
2,167,16.7,5,0,10,12,11,13,12,14,11,14,9,10,11,13,10,12,9,13,0.356,0.9494964867786423,15.26751037957112,0,0,0,0,13.16,17.96,0.9625659722222221,0.35919999999999996,1.0537551897855593,0.07999999999999971,0.006534742721789874,0.0016000000000000014,5,18.0,0.9604224537037036,0.36,14.4,10,212399885001,50,159.10031032562256,17.8,0.952037037037037,0.356,12.6,11,374988376638,50,174.51193165779114,18.0,0.9702893518518517,0.36,14.4,12,431053971709,50,146.37215995788574,18.0,0.961423611111111,0.36,12.6,13,208572859484,50,161.6432602405548,18.0,0.9686574074074072,0.36,11.8,14,847390121387,50,156.14468955993652,797.7723517417908,174.77968311309814
3,58,5.8,5,0,12,13,10,11,10,11,12,13,10,12,10,14,12,13,11,14,0.2128445824720007,0.9141792350116038,10.415346870762468,0,0,0,0,7.279999999999999,11.0,0.9369322916666665,0.22000000000000003,1.567673435381234,0.17888543819998254,0.011376528327531325,0.0035777087639996667,5,11.0,0.9447395833333332,0.22,9.0,15,212399885001,50,200.87813663482666,11.2,0.9237326388888887,0.224,5.6,16,374988376638,50,199.26825141906738,11.2,0.9526041666666665,0.224,5.4,17,431053971709,50,169.31945729255676,10.8,0.9242592592592591,0.216,7.4,18,208572859484,50,220.96897745132446,10.8,0.9393258101851849,0.216,9.0,19,847390121387,50,192.43191528320312,982.8667380809784,220.97643494606018
4,84,8.4,5,0,11,13,12,13,12,14,11,13,10,11,11,14,10,13,0,0,0.23824156877825153,0.926990098376479,10.909973821810132,0,0,0,0,9.0,12.319999999999999,0.9531388888888888,0.2464,0.9549869109050658,0.20396078054371142,0.013074395256204865,0.004079215610874232,5,12.6,0.9458465608465607,0.252,8.4,20,212399885001,50,155.94675517082214,12.4,0.9371626984126984,0.248,9.8,21,374988376638,50,167.14494705200195,12.0,0.9454365079365079,0.24,9.6,22,431053971709,50,162.07757115364075,12.4,0.9705423280423279,0.248,7.4,23,208572859484,50,135.68233823776245,12.2,0.9667063492063492,0.244,9.8,24,847390121387,50,145.07359647750854,765.9252080917358,167.41250252723694
5,19,1.9,5,0,12,14,9,11,12,14,10,13,9,13,10,11,9,13,0,0,0.16858680067086268,0.9169726913944647,7.876166303929372,0,0,0,0,6.0,8.96,0.9455205026455026,0.17919999999999997,0.938083151964686,0.2653299832284321,0.014273905625518923,0.005306599664568644,5,9.4,0.9570238095238094,0.188,7.2,25,212399885001,50,215.96354293823242,9.0,0.9369775132275132,0.18,6.8,26,374988376638,50,255.81000447273254,8.8,0.9433035714285714,0.176,6.0,27,431053971709,50,239.816556930542,9.0,0.9250462962962961,0.18,4.6,28,208572859484,50,266.17767691612244,8.6,0.9652513227513226,0.172,5.4,29,847390121387,50,200.71231627464294,1178.4800975322723,266.18796157836914
6,57,5.7,5,0,9,11,11,13,10,11,9,11,10,14,11,13,9,13,0,0,0.2594424492346407,0.9523052570518948,13.341750979388586,0,0,0,0,9.8,13.559999999999999,0.9664960317460316,0.2712,1.7708754896942926,0.2939387691339816,0.007095387347068367,0.005878775382679633,5,13.8,0.9678571428571427,0.276,8.0,30,212399885001,50,157.25498032569885,13.8,0.9544246031746031,0.276,10.8,31,374988376638,50,179.52427625656128,13.0,0.9637698412698412,0.26,12.8,32,431053971709,50,198.70504307746887,13.6,0.9750099206349204,0.272,8.8,33,208572859484,50,164.2950780391693,13.6,0.9714186507936508,0.272,8.6,34,847390121387,50,169.84239602088928,869.6217737197876,198.96620988845825
7,49,4.9,5,0,10,14,11,14,11,12,9,13,10,12,12,14,9,10,11,14,0.3513616328230938,0.949218364521737,14.754847661933015,9,13,0,0,13.36,17.96,0.9607469135802468,0.35919999999999996,0.6974238309665077,0.19595917942265356,0.00576427452925489,0.003919183588453088,5,18.2,0.96488683127572,0.364,13.0,35,212399885001,50,204.8375494480133,18.2,0.9497942386831275,0.364,12.6,36,374988376638,50,233.36753964424133,17.8,0.960079732510288,0.356,13.6,37,431053971709,50,215.7616991996765,17.8,0.963932613168724,0.356,13.0,38,208572859484,50,220.75131630897522,17.8,0.9650411522633744,0.356,14.6,39,847390121387,50,223.4778926372528,1098.1959972381592,233.3775978088379
8,84,8.4,5,0,9,11,12,14,11,12,11,14,12,13,9,10,11,12,10,11,0.1968,0.9029515538064661,9.264582060213002,0,0,0,0,7.56,10.319999999999999,0.9269340277777776,0.2064,0.8522910301065008,0.23999999999999996,0.011991236985655745,0.004799999999999997,5,10.6,0.942685185185185,0.212,6.6,40,212399885001,50,179.94835352897644,10.6,0.9374247685185183,0.212,7.8,41,374988376638,50,179.52129316329956,10.2,0.9238773148148146,0.204,7.6,42,431053971709,50,208.1327862739563,10.2,0.9217708333333331,0.204,9.0,43,208572859484,50,202.56856894493103,10.0,0.9089120370370369,0.2,6.8,44,847390121387,50,229.89156126976013,1000.0625631809235,230.16695380210876
9,171,17.1,5,0,9,11,9,12,11,14,10,11,11,14,12,14,11,13,12,14,0.36,0.9577822380588347,15.646962651593835,0,0,0,0,13.920000000000002,18.0,0.9629398148148148,0.36,0.8634813257969165,0.0,0.002578788377990105,0.0,5,18.0,0.9607523148148147,0.36,14.8,45,212399885001,50,148.82100820541382,18.0,0.9603761574074072,0.36,13.2,46,374988376638,50,154.29483437538147,18.0,0.9635879629629629,0.36,12.6,47,431053971709,50,141.86857199668884,18.0,0.9675462962962962,0.36,14.6,48,208572859484,50,136.9298872947693,18.0,0.9624363425925926,0.36,14.4,49,847390121387,50,147.3229205608368,729.2372224330902,154.30362224578857
10,48,4.8,5,0,11,14,10,11,12,14,11,14,12,13,10,11,9,12,10,11,0.23411667479674986,0.9289046118211159,10.015272476661833,12,14,0,0,8.959999999999999,12.559999999999999,0.9535792181069958,0.2512,0.5276362383309171,0.4270831300812524,0.012337303142939876,0.008541662601625057,5,12.2,0.9413477366255143,0.244,8.2,50,212399885001,50,250.3944137096405,12.6,0.9441203703703702,0.252,8.8,51,374988376638,50,207.64595556259155,12.8,0.9736625514403292,0.256,9.2,52,431053971709,50,179.50808262825012,13.2,0.9620421810699588,0.264,8.8,53,208572859484,50,180.43771743774414,12.0,0.9467232510288065,0.24,9.8,54,847390121387,50,228.85978531837463,1046.845954656601,250.40012121200562
11,156,15.6,5,0,11,13,10,13,12,14,11,14,10,12,11,14,11,13,12,14,0.3736808164115469,0.9585990738331291,16.340569039876755,0,0,0,0,13.88,18.88,0.9714976851851851,0.3776,1.230284519938376,0.09797958971132678,0.006449305676027948,0.001959591794226544,5,19.0,0.9717650462962963,0.38,12.0,55,212399885001,50,129.58568716049194,18.8,0.9622743055555555,0.376,14.2,56,374988376638,50,147.4671082496643,19.0,0.9816203703703703,0.38,15.4,57,431053971709,50,117.04554462432861,18.8,0.9677777777777777,0.376,13.0,58,208572859484,50,140.7634983062744,18.8,0.9740509259259258,0.376,14.8,59,847390121387,50,131.58011102676392,666.4419493675232,147.4765293598175
12,171,17.1,5,1,9,12,9,12,9,10,11,14,12,14,11,13,11,14,0,0,0.34,0.945031608148682,16.402802820583737,0,0,0,0,12.120000000000001,17.0,0.9623148148148148,0.34,2.1414014102918677,0.0,0.00864160333306641,0.0,5,17.0,0.9462764550264551,0.34,11.0,60,212399885001,50,177.56441378593445,17.0,0.9622685185185186,0.34,10.2,61,374988376638,50,156.08842778205872,17.0,0.9673280423280423,0.34,10.0,62,431053971709,50,144.5561511516571,17.0,0.9717063492063492,0.34,15.0,63,208572859484,50,136.65479516983032,17.0,0.9639947089947091,0.34,14.4,64,847390121387,50,151.67418885231018,766.5379767417908,177.57809376716614
13,194,19.4,5,1,10,12,9,11,11,14,9,12,10,11,9,10,11,14,11,14,0.4,0.9300507844180311,19.245817429985504,10,12,0,0,16.080000000000002,20.0,0.9477170781893005,0.4,1.582908714992751,0.0,0.008833146885634713,0.0,5,20.0,0.9457407407407408,0.4,17.0,65,212399885001,50,210.19420790672302,20.0,0.9430349794238683,0.4,15.6,66,374988376638,50,210.36737751960754,20.0,0.9475205761316872,0.4,15.2,67,431053971709,50,208.42892050743103,20.0,0.9380915637860083,0.4,14.0,68,208572859484,50,211.42554545402527,20.0,0.9641975308641975,0.4,18.6,69,847390121387,50,186.64908385276794,1027.0651352405548,211.4366192817688
14,194,19.4,5,1,12,14,10,11,9,10,9,11,9,10,11,14,10,13,0,0,0.26,0.9297693758348055,12.814630989026682,0,0,0,0,9.799999999999999,13.0,0.9422182539682538,0.26,1.5073154945133416,0.0,0.006224439066724127,0.0,5,13.0,0.933201058201058,0.26,7.6,70,212399885001,50,182.4881021976471,13.0,0.9389021164021163,0.26,11.2,71,374988376638,50,175.84424424171448,13.0,0.9512764550264549,0.26,8.4,72,431053971709,50,154.3546121120453,13.0,0.9465013227513228,0.26,11.2,73,208572859484,50,161.65389037132263,13.0,0.9412103174603175,0.26,10.6,74,847390121387,50,162.40450024604797,836.7453491687775,182.50075149536133
15,49,4.9,5,1,9,13,11,14,11,13,10,14,10,12,12,14,11,14,10,12,0.3741357577761413,0.9506592961610587,20.143672850020085,9,13,0,0,15.84,19.44,0.9650879629629628,0.3888,2.1518364250100426,0.3666060555964673,0.007214333400952062,0.007332121111929351,5,19.4,0.9580221193415637,0.388,13.4,75,212399885001,50,211.98150944709778,19.8,0.9758899176954733,0.396,18.4,76,374988376638,50,183.63844084739685,19.4,0.9666100823045265,0.388,17.6,77,431053971709,50,201.2848515510559,19.8,0.9686831275720164,0.396,16.6,78,208572859484,50,200.00756216049194,18.8,0.9562345679012344,0.376,13.2,79,847390121387,50,234.53422117233276,1031.4465851783752,234.5491166114807
16,156,15.6,5,1,9,11,9,13,11,12,11,14,11,12,11,12,10,11,0,0,0.252,0.9414596639341446,13.484222213540988,0,0,0,0,10.639999999999999,12.919999999999998,0.9637777777777776,0.2584,1.4221111067704943,0.16000000000000014,0.011159056921816493,0.0032000000000000028,5,13.0,0.947956349206349,0.26,11.6,80,212399885001,50,141.72206211090088,13.0,0.9629431216931216,0.26,8.8,81,374988376638,50,130.6196267604828,13.0,0.9784060846560846,0.26,10.4,82,431053971709,50,108.2463390827179,12.6,0.955972222222222,0.252,12.8,83,208572859484,50,148.34953999519348,13.0,0.9736111111111109,0.26,9.6,84,847390121387,50,127.37849044799805,656.3160583972931,148.62837481498718
17,83,8.3,5,1,11,13,12,14,12,14,11,13,10,12,9,12,11,13,12,14,0.29136163282309385,0.9589453305790785,14.412469630530165,0,0,0,0,11.84,14.959999999999999,0.967616898148148,0.2992,1.286234815265082,0.1959591794226542,0.004335783784534745,0.003919183588453089,5,15.2,0.9715104166666665,0.304,10.6,85,212399885001,50,139.2843794822693,15.0,0.9672627314814815,0.3,14.0,86,374988376638,50,150.3970136642456,14.6,0.9617245370370369,0.292,10.8,87,431053971709,50,168.9094431400299,15.0,0.9642534722222221,0.3,12.6,88,208572859484,50,156.61294031143188,15.0,0.9733333333333332,0.3,11.2,89,847390121387,50,144.66317129135132,759.866947889328,168.9165620803833
18,44,4.4,5,1,9,10,9,11,11,13,10,12,11,14,12,13,10,12,12,14,0.21147047696824753,0.9425948060349357,10.971281292110204,0,0,0,0,8.2,11.040000000000001,0.962099537037037,0.22080000000000002,1.385640646055102,0.23323807579381176,0.00975236550105062,0.004664761515876244,5,11.4,0.9716261574074072,0.228,7.0,90,212399885001,50,177.70093750953674,11.2,0.9595138888888888,0.224,7.6,91,374988376638,50,196.89577388763428,11.0,0.9633333333333332,0.22,9.2,92,431053971709,50,182.47898244857788,10.8,0.9449131944444444,0.216,6.8,93,208572859484,50,228.93687415122986,10.8,0.9711111111111109,0.216,10.4,94,847390121387,50,185.3498980998993,971.362466096878,229.24588751792908
19,174,17.4,5,1,11,14,9,10,12,14,11,12,9,10,10,11,11,14,10,11,0.28,0.9365276233866814,15.545375607852609,13,14,0,0,10.52,14.0,0.9522098765432097,0.28,2.512687803926305,0.0,0.007841126578264117,0.0,5,14.0,0.9501131687242795,0.28,10.4,95,212399885001,50,168.94370770454407,14.0,0.9457716049382715,0.28,10.6,96,374988376638,50,179.1107931137085,14.0,0.9584259259259258,0.28,13.4,97,431053971709,50,153.65144729614258,14.0,0.9428755144032919,0.28,6.0,98,208572859484,50,170.70379900932312,14.0,0.9638631687242797,0.28,12.2,99,847390121387,50,162.3505437374115,834.7602908611298,179.1213686466217
20,49,4.9,5,1,12,13,10,14,11,14,9,13,10,12,12,14,9,10,11,13,0.3378807114874612,0.9478664550721718,14.491585840383589,9,13,0,0,12.0,17.4,0.9679495884773661,0.348,1.245792920191795,0.25298221281347116,0.010041566702597135,0.005059644256269394,5,17.6,0.9771553497942386,0.352,12.2,100,212399885001,50,184.27386116981506,17.6,0.9579423868312755,0.352,9.6,101,374988376638,50,208.02865386009216,17.2,0.9556610082304525,0.344,13.2,102,431053971709,50,202.27657222747803,17.6,0.980920781893004,0.352,12.4,103,208572859484,50,168.0933346748352,17.0,0.96806841563786,0.34,12.6,104,847390121387,50,202.79732537269592,965.4697473049164,208.29594564437866
21,57,5.7,5,1,10,12,10,11,9,11,9,13,11,14,9,13,0,0,0,0,0.23762669636232336,0.9397008367673246,10.375843122174844,0,0,0,0,9.559999999999999,12.48,0.9597361111111111,0.2496,0.40792156108742256,0.2993325909419156,0.010017637171893228,0.005986651818838312,5,12.4,0.9537461419753085,0.248,9.0,105,212399885001,50,192.45234513282776,12.8,0.9732175925925924,0.256,9.8,106,374988376638,50,155.6648337841034,12.0,0.952349537037037,0.24,9.4,107,431053971709,50,188.0313322544098,12.4,0.9489699074074073,0.248,9.4,108,208572859484,50,182.12785863876343,12.8,0.9703973765432098,0.256,10.2,109,847390121387,50,147.63956904411316,865.9159388542175,192.4598433971405
22,86,8.6,5,1,10,11,12,13,11,12,9,12,11,12,9,13,10,14,10,11,0.30344244923464075,0.9147501728159781,12.384499877989256,12,14,0,0,11.36,15.76,0.9335046296296294,0.31520000000000004,0.5122499389946281,0.2939387691339812,0.009377228406825668,0.005878775382679633,5,16.0,0.9477083333333332,0.32,12.0,5,212399885001,50,182.8841996192932,16.0,0.940488683127572,0.32,11.0,6,374988376638,50,190.66937232017517,15.4,0.9303292181069958,0.308,10.6,7,431053971709,50,219.22717666625977,16.0,0.9273996913580245,0.32,11.4,8,208572859484,50,202.23732995986938,15.4,0.9215972222222221,0.308,11.8,9,847390121387,50,227.60610818862915,1022.6241867542267,0.001071929931640625
23,156,15.6,5,1,11,13,10,13,12,14,11,14,10,12,11,14,11,13,12,14,0.3736808164115469,0.9585990738331291,16.340569039876755,0,0,0,0,13.88,18.88,0.9714976851851851,0.3776,1.230284519938376,0.09797958971132678,0.006449305676027948,0.001959591794226544,5,19.0,0.9717650462962963,0.38,12.0,55,212399885001,50,129.58568716049194,18.8,0.9622743055555555,0.376,14.2,56,374988376638,50,147.4671082496643,19.0,0.9816203703703703,0.38,15.4,57,431053971709,50,117.04554462432861,18.8,0.9677777777777777,0.376,13.0,58,208572859484,50,140.7634983062744,18.8,0.9740509259259258,0.376,14.8,59,847390121387,50,131.58011102676392,666.4419493675232,0.0008111000061035156
24,48,4.8,5,2,11,14,10,11,12,14,11,14,12,13,10,11,9,12,10,11,0.23411667479674986,0.9289046118211159,10.015272476661833,12,14,0,0,8.959999999999999,12.559999999999999,0.9535792181069958,0.2512,0.5276362383309171,0.4270831300812524,0.012337303142939876,0.008541662601625057,5,12.2,0.9413477366255143,0.244,8.2,50,212399885001,50,250.3944137096405,12.6,0.9441203703703702,0.252,8.8,51,374988376638,50,207.64595556259155,12.8,0.9736625514403292,0.256,9.2,52,431053971709,50,179.50808262825012,13.2,0.9620421810699588,0.264,8.8,53,208572859484,50,180.43771743774414,12.0,0.9467232510288065,0.24,9.8,54,847390121387,50,228.85978531837463,1046.845954656601,0.003480195999145508
25,57,5.7,5,2,9,11,11,12,10,11,9,11,10,14,11,13,9,13,0,0,0.24347047696824753,0.9380648481559971,11.890851370124217,0,0,0,0,9.6,12.64,0.9503511904761904,0.2528,1.1454256850621083,0.233238075793812,0.0061431711600966775,0.004664761515876244,5,12.8,0.9431746031746029,0.256,9.4,110,212399885001,50,200.4527497291565,13.0,0.9486210317460316,0.26,9.0,111,374988376638,50,178.08514952659607,12.4,0.9614087301587302,0.248,11.4,112,431053971709,50,185.98134803771973,12.4,0.9470833333333332,0.248,8.0,113,208572859484,50,209.0534119606018,12.6,0.9514682539682539,0.252,10.2,114,847390121387,50,178.39176869392395,951.964427947998,209.34286904335022
26,48,4.8,5,2,11,14,12,13,12,14,11,13,10,11,11,13,9,12,0,0,0.19954827202699957,0.9441001993878637,9.757646040234086,0,0,0,0,7.040000000000001,10.52,0.9517817460317459,0.2104,1.3588230201170426,0.2712931993250108,0.003840773321941084,0.00542586398650022,5,11.0,0.9567923280423279,0.22,6.0,115,212399885001,50,170.57392835617065,10.4,0.948637566137566,0.208,8.6,116,374988376638,50,190.64971470832825,10.2,0.9556613756613755,0.204,6.0,117,431053971709,50,178.22012424468994,10.4,0.947010582010582,0.208,5.8,118,208572859484,50,188.53911066055298,10.6,0.9508068783068782,0.212,8.8,119,847390121387,50,184.671701669693,912.6545796394348,190.6663203239441
27,83,8.3,5,2,11,12,12,14,11,14,12,13,10,11,12,14,9,10,12,14,0.2209616328230938,0.923183186940867,12.627359248957898,0,0,0,0,8.52,11.440000000000001,0.9504872685185184,0.22879999999999998,2.0536796244789497,0.19595917942265464,0.013652040788825698,0.0039191835884530785,5,11.8,0.958003472222222,0.236,6.8,120,212399885001,50,152.415141582489,11.4,0.9273495370370369,0.228,10.0,121,374988376638,50,182.77866291999817,11.4,0.9686400462962963,0.228,9.0,122,431053971709,50,146.52520990371704,11.4,0.9511342592592591,0.228,11.2,123,208572859484,50,163.76807069778442,11.2,0.9473090277777776,0.224,5.6,124,847390121387,50,177.63392734527588,823.1210124492645,183.0770766735077
28,58,5.8,5,2,10,11,12,13,12,13,10,12,9,13,11,12,9,12,0,0,0.19824156877825155,0.9279716506385082,9.973183515870613,0,0,0,0,7.6,10.32,0.9455502645502645,0.2064,1.186591757935306,0.20396078054371145,0.008789306955878165,0.0040792156108742225,5,10.6,0.9446924603174602,0.212,8.6,125,212399885001,50,171.25249481201172,10.4,0.9299537037037036,0.208,6.6,126,374988376638,50,187.7779676914215,10.0,0.9549867724867723,0.2,8.2,127,431053971709,50,177.9482283592224,10.2,0.9452777777777776,0.204,5.8,128,208572859484,50,190.3116536140442,10.4,0.9528406084656084,0.208,8.8,129,847390121387,50,164.4387924671173,891.7291369438171,190.33628964424133
29,57,5.7,5,2,10,12,10,11,9,11,10,14,11,14,11,14,0,0,0,0,0.22344244923464074,0.9504273993265023,12.405873896407106,0,0,0,0,10.36,11.76,0.9645848765432099,0.2352,1.0229369482035537,0.2939387691339817,0.00707873860835378,0.0058787753826796225,5,12.0,0.9706404320987655,0.24,10.2,130,212399885001,50,146.77172827720642,11.8,0.9737692901234567,0.236,8.8,131,374988376638,50,156.2359778881073,11.2,0.9536226851851852,0.224,10.6,132,431053971709,50,179.70569944381714,12.0,0.9621296296296294,0.24,12.0,133,208572859484,50,149.5843379497528,11.8,0.9627623456790123,0.236,10.2,134,847390121387,50,159.08112812042236,791.378871679306,180.00727224349976
30,84,8.4,5,2,9,11,12,14,11,12,11,14,12,13,9,10,11,12,10,11,0.1968,0.9029515538064661,9.264582060213002,0,0,0,0,7.56,10.319999999999999,0.9269340277777776,0.2064,0.8522910301065008,0.23999999999999996,0.011991236985655745,0.004799999999999997,5,10.6,0.942685185185185,0.212,6.6,40,212399885001,50,179.94835352897644,10.6,0.9374247685185183,0.212,7.8,41,374988376638,50,179.52129316329956,10.2,0.9238773148148146,0.204,7.6,42,431053971709,50,208.1327862739563,10.2,0.9217708333333331,0.204,9.0,43,208572859484,50,202.56856894493103,10.0,0.9089120370370369,0.2,6.8,44,847390121387,50,229.89156126976013,1000.0625631809235,0.0018591880798339844
31,156,15.6,5,2,9,11,9,13,11,12,11,14,11,12,11,12,10,11,0,0,0.252,0.9414596639341446,13.484222213540988,0,0,0,0,10.639999999999999,12.919999999999998,0.9637777777777776,0.2584,1.4221111067704943,0.16000000000000014,0.011159056921816493,0.0032000000000000028,5,13.0,0.947956349206349,0.26,11.6,80,212399885001,50,141.72206211090088,13.0,0.9629431216931216,0.26,8.8,81,374988376638,50,130.6196267604828,13.0,0.9784060846560846,0.26,10.4,82,431053971709,50,108.2463390827179,12.6,0.955972222222222,0.252,12.8,83,208572859484,50,148.34953999519348,13.0,0.9736111111111109,0.26,9.6,84,847390121387,50,127.37849044799805,656.3160583972931,0.0015254020690917969
32,56,5.6,5,2,9,12,9,10,10,12,9,13,11,14,9,13,0,0,0,0,0.25088313755650304,0.9485756558956998,11.489365380014586,0,0,0,0,9.52,13.36,0.9684436728395062,0.2672,0.9846826900072936,0.407921561087423,0.009934008471903186,0.008158431221748464,5,13.8,0.9819753086419752,0.276,8.0,135,212399885001,50,136.08894538879395,13.6,0.978406635802469,0.272,10.4,136,374988376638,50,152.79274654388428,12.6,0.960841049382716,0.252,10.6,137,431053971709,50,190.17754316329956,13.4,0.9568248456790123,0.268,8.8,138,208572859484,50,166.928209066391,13.4,0.964170524691358,0.268,9.8,139,847390121387,50,169.51326251029968,815.5007066726685,190.20749473571777
33,19,1.9,5,2,9,10,9,11,12,14,9,12,9,13,9,10,9,13,0,0,0.1517166747967499,0.9359748154178127,6.496662954709576,0,0,0,0,5.0,8.44,0.954736111111111,0.1688,0.7483314773547882,0.4270831300812527,0.00938064784664918,0.008541662601625045,5,9.0,0.961597222222222,0.18,5.2,140,212399885001,50,225.31388545036316,8.8,0.9473115079365078,0.176,3.6,141,374988376638,50,234.64457368850708,8.2,0.9554398148148147,0.164,5.0,142,431053971709,50,220.88965559005737,8.4,0.9416798941798941,0.168,5.8,143,208572859484,50,249.68580532073975,7.8,0.9676521164021163,0.156,5.4,144,847390121387,50,209.03950834274292,1139.5734283924103,250.00795221328735
34,17,1.7,5,2,9,11,11,13,10,11,9,13,10,11,9,11,0,0,0,0,0.09954827202699956,0.8916635295646105,5.429436981129056,0,0,0,0,3.9199999999999995,5.5200000000000005,0.9357800925925925,0.11039999999999998,0.7547184905645283,0.27129319932501056,0.022058281513991005,0.005425863986500214,5,6.0,0.9095023148148148,0.12,4.2,145,212399885001,50,253.95135045051575,5.4,0.9354166666666667,0.108,3.4,146,374988376638,50,198.80234742164612,5.2,0.9262268518518518,0.104,2.8,147,431053971709,50,227.54065561294556,5.6,0.9315624999999997,0.112,5.0,148,208572859484,50,214.46708822250366,5.4,0.9761921296296294,0.108,4.2,149,847390121387,50,155.8107213973999,1050.572163105011,253.9647707939148
35,59,5.9,5,2,12,14,12,13,10,13,9,13,12,13,10,14,0,0,0,0,0.22747047696824751,0.9297894740206164,11.819909908081856,0,0,0,0,9.599999999999998,11.84,0.953145061728395,0.23679999999999998,1.1099549540409288,0.23323807579381187,0.01167779385388926,0.004664761515876234,5,12.0,0.9655208333333333,0.24,9.2,150,212399885001,50,125.12580347061157,12.0,0.9605632716049382,0.24,11.6,151,374988376638,50,133.00240778923035,11.4,0.9576041666666666,0.228,9.6,152,431053971709,50,156.73229432106018,11.8,0.9320833333333333,0.236,8.2,153,208572859484,50,163.63810348510742,12.0,0.9499537037037036,0.24,9.4,154,847390121387,50,145.4134979248047,723.9121069908142,163.9049355983734
36,17,1.7,5,3,9,11,11,13,10,11,9,13,10,11,9,11,0,0,0,0,0.09954827202699956,0.8916635295646105,5.429436981129056,0,0,0,0,3.9199999999999995,5.5200000000000005,0.9357800925925925,0.11039999999999998,0.7547184905645283,0.27129319932501056,0.022058281513991005,0.005425863986500214,5,6.0,0.9095023148148148,0.12,4.2,145,212399885001,50,253.95135045051575,5.4,0.9354166666666667,0.108,3.4,146,374988376638,50,198.80234742164612,5.2,0.9262268518518518,0.104,2.8,147,431053971709,50,227.54065561294556,5.6,0.9315624999999997,0.112,5.0,148,208572859484,50,214.46708822250366,5.4,0.9761921296296294,0.108,4.2,149,847390121387,50,155.8107213973999,1050.572163105011,0.0019528865814208984
37,17,1.7,5,3,9,11,11,13,10,11,9,13,10,11,9,11,0,0,0,0,0.09954827202699956,0.8916635295646105,5.429436981129056,0,0,0,0,3.9199999999999995,5.5200000000000005,0.9357800925925925,0.11039999999999998,0.7547184905645283,0.27129319932501056,0.022058281513991005,0.005425863986500214,5,6.0,0.9095023148148148,0.12,4.2,145,212399885001,50,253.95135045051575,5.4,0.9354166666666667,0.108,3.4,146,374988376638,50,198.80234742164612,5.2,0.9262268518518518,0.104,2.8,147,431053971709,50,227.54065561294556,5.6,0.9315624999999997,0.112,5.0,148,208572859484,50,214.46708822250366,5.4,0.9761921296296294,0.108,4.2,149,847390121387,50,155.8107213973999,1050.572163105011,0.0013017654418945312
38,19,1.9,5,3,12,14,9,11,12,14,9,12,9,13,10,11,9,13,0,0,0.16754827202699954,0.915459724101403,9.108542124349459,0,0,0,0,6.88,8.92,0.9458141534391533,0.17839999999999998,1.1142710621747298,0.2712931993250108,0.01517721466887518,0.00542586398650022,5,9.4,0.9570238095238094,0.188,7.4,155,212399885001,50,217.88390016555786,9.0,0.9380820105820105,0.18,5.0,156,374988376638,50,252.3160536289215,8.8,0.9471230158730156,0.176,8.4,157,431053971709,50,221.83382296562195,8.8,0.9215906084656084,0.176,6.6,158,208572859484,50,282.9480769634247,8.6,0.9652513227513226,0.172,7.0,159,847390121387,50,201.48545050621033,1176.4673042297363,282.986843585968
39,19,1.9,5,3,9,10,9,11,12,14,9,12,9,13,9,10,9,13,0,0,0.1517166747967499,0.9359748154178127,6.496662954709576,0,0,0,0,5.0,8.44,0.954736111111111,0.1688,0.7483314773547882,0.4270831300812527,0.00938064784664918,0.008541662601625045,5,9.0,0.961597222222222,0.18,5.2,140,212399885001,50,225.31388545036316,8.8,0.9473115079365078,0.176,3.6,141,374988376638,50,234.64457368850708,8.2,0.9554398148148147,0.164,5.0,142,431053971709,50,220.88965559005737,8.4,0.9416798941798941,0.168,5.8,143,208572859484,50,249.68580532073975,7.8,0.9676521164021163,0.156,5.4,144,847390121387,50,209.03950834274292,1139.5734283924103,0.0017745494842529297
40,78,7.8,5,3,11,12,12,14,11,14,12,13,10,11,12,14,9,10,12,14,0.21668629150101523,0.923533821637443,8.58162636914152,0,0,0,0,7.720000000000001,11.4,0.957023148148148,0.22799999999999998,0.43081318457076007,0.2828427124746193,0.016744663255352486,0.0056568542494923775,5,11.8,0.9669965277777777,0.236,7.2,160,212399885001,50,147.06447982788086,11.4,0.9346701388888887,0.228,8.0,161,374988376638,50,188.55224180221558,11.6,0.9811226851851851,0.232,8.0,162,431053971709,50,135.54866933822632,11.0,0.9424074074074072,0.22,8.2,163,208572859484,50,193.6245379447937,11.2,0.9599189814814812,0.224,7.2,164,847390121387,50,167.1832776069641,831.9732065200806,194.10518145561218
41,58,5.8,5,3,10,11,12,13,12,13,10,12,9,13,11,12,9,12,0,0,0.19824156877825155,0.9279716506385082,9.973183515870613,0,0,0,0,7.6,10.32,0.9455502645502645,0.2064,1.186591757935306,0.20396078054371145,0.008789306955878165,0.0040792156108742225,5,10.6,0.9446924603174602,0.212,8.6,125,212399885001,50,171.25249481201172,10.4,0.9299537037037036,0.208,6.6,126,374988376638,50,187.7779676914215,10.0,0.9549867724867723,0.2,8.2,127,431053971709,50,177.9482283592224,10.2,0.9452777777777776,0.204,5.8,128,208572859484,50,190.3116536140442,10.4,0.9528406084656084,0.208,8.8,129,847390121387,50,164.4387924671173,891.7291369438171,0.0018210411071777344
42,83,8.3,5,3,9,10,11,14,9,11,12,13,9,12,9,10,10,14,0,0,0.24800000000000003,0.8981509757486364,13.549670170344644,0,0,0,0,9.76,13.039999999999997,0.938972222222222,0.26080000000000003,1.8948350851723221,0.3199999999999995,0.020410623236792786,0.0064000000000000055,5,13.6,0.9679001322751322,0.272,9.4,165,212399885001,50,155.74514365196228,13.2,0.9551851851851849,0.264,8.0,166,374988376638,50,170.7691581249237,12.8,0.9380324074074073,0.256,13.4,167,431053971709,50,182.85449481010437,12.8,0.9185350529100529,0.256,8.6,168,208572859484,50,213.13682532310486,12.8,0.9152083333333333,0.256,9.4,169,847390121387,50,223.39320015907288,945.8988220691681,223.41882753372192
43,19,1.9,5,3,9,11,11,12,11,14,12,13,11,14,9,10,0,0,0,0,0.09645152338066984,0.920829103635694,4.975843122174846,0,0,0,0,4.16,5.5200000000000005,0.9443888888888887,0.11039999999999998,0.4079215610874227,0.34871191548325386,0.01177989262659735,0.0069742383096650755,5,5.8,0.9377083333333333,0.116,4.4,170,212399885001,50,203.09723448753357,6.0,0.9483101851851848,0.12,4.0,171,374988376638,50,176.77667236328125,5.0,0.9278549382716048,0.1,4.0,172,431053971709,50,213.98431611061096,5.4,0.9446990740740739,0.108,4.8,173,208572859484,50,189.64404559135437,5.4,0.9633719135802469,0.108,3.6,174,847390121387,50,167.58631014823914,951.0885787010193,214.30749034881592
44,17,1.7,5,3,9,10,11,12,12,13,9,10,11,12,10,11,9,10,0,0,0.05554827202699957,0.9233150139102534,2.2800000000000002,0,0,0,0,1.64,3.3200000000000003,0.9292380952380951,0.0664,0.3200000000000001,0.2712931993250108,0.0029615406639208535,0.0054258639865002135,5,3.6,0.9257539682539679,0.072,1.4,175,212399885001,50,187.4120512008667,3.4,0.9283730158730157,0.068,1.4,176,374988376638,50,184.23478722572327,2.8,0.9279365079365076,0.056,2.2,177,431053971709,50,192.5859718322754,3.4,0.9294841269841267,0.068,1.8,178,208572859484,50,187.95554304122925,3.4,0.934642857142857,0.068,1.4,179,847390121387,50,185.47901225090027,937.6673655509949,192.60516095161438
45,85,8.5,5,3,12,14,11,14,9,13,12,14,10,13,9,12,9,13,0,0,0.36079999999999995,0.9460052832244025,17.004106701199532,0,0,0,0,14.080000000000002,18.520000000000003,0.9645568783068782,0.37039999999999995,1.4620533505997648,0.2400000000000008,0.009275797541237848,0.004800000000000004,5,18.8,0.9686276455026455,0.376,15.6,180,212399885001,50,154.57889819145203,18.4,0.955026455026455,0.368,13.0,181,374988376638,50,179.4259388446808,18.4,0.9726124338624338,0.368,11.8,182,431053971709,50,149.23292899131775,18.8,0.9745403439153437,0.376,14.6,183,208572859484,50,147.2564573287964,18.2,0.9519775132275132,0.364,15.4,184,847390121387,50,193.55008101463318,824.0443043708801,193.88925957679749
46,58,5.8,5,3,12,14,10,11,11,12,12,13,11,13,10,12,10,14,11,12,0.268,0.9413331152389705,12.267353860607397,11,14,0,0,9.68,13.559999999999999,0.9525997942386832,0.2712,1.2936769303036986,0.07999999999999971,0.0056333394998564,0.0016000000000000014,5,13.6,0.9426517489711933,0.272,9.0,185,212399885001,50,197.4165542125702,13.6,0.9561445473251029,0.272,10.8,186,374988376638,50,189.1419837474823,13.4,0.9500437242798354,0.268,8.2,187,431053971709,50,184.72732210159302,13.6,0.9565920781893004,0.272,8.8,188,208572859484,50,200.14935493469238,13.6,0.9575668724279834,0.272,11.6,189,847390121387,50,179.47541856765747,950.9106335639954,200.17491936683655
47,19,1.9,5,3,12,13,11,12,10,12,9,13,10,11,9,12,0,0,0,0,0.10723643907991734,0.9205980472311807,6.007673435381234,0,0,0,0,4.4399999999999995,5.8,0.9539598765432098,0.11599999999999999,0.7838367176906169,0.21908902300206665,0.016680914656014557,0.004381780460041328,5,6.2,0.93179012345679,0.124,3.4,190,212399885001,50,196.42999267578125,5.6,0.9513078703703703,0.112,4.2,191,374988376638,50,173.15584015846252,5.6,0.9722646604938271,0.112,4.6,192,431053971709,50,144.7475950717926,5.8,0.9735956790123456,0.116,5.8,193,208572859484,50,158.33151078224182,5.8,0.9408410493827158,0.116,4.2,194,847390121387,50,192.87417912483215,865.5391178131104,196.4391851425171
48,17,1.7,5,4,11,12,12,13,9,11,11,12,10,11,9,10,0,0,0,0,0.05523643907991734,0.8946953803606666,2.964235628579748,0,0,0,0,1.6400000000000001,3.2,0.9271342592592589,0.064,0.662117814289874,0.21908902300206648,0.016219439449296092,0.004381780460041331,5,3.4,0.9182870370370368,0.068,1.8,195,212399885001,50,172.3930172920227,3.4,0.9090046296296294,0.068,1.6,196,374988376638,50,199.14397883415222,2.8,0.9456018518518516,0.056,2.2,197,431053971709,50,161.178950548172,3.2,0.9150925925925923,0.064,0.4,198,208572859484,50,181.22267603874207,3.2,0.9476851851851849,0.064,2.2,199,847390121387,50,155.9223189353943,869.8609416484833,199.15488505363464
49,83,8.3,5,4,12,13,10,13,9,11,12,13,9,10,9,10,9,13,0,0,0.21103627957273177,0.8847134133059149,11.039718295887814,0,0,0,0,8.2,11.24,0.9302559523809523,0.22479999999999997,1.4198591479439078,0.34409301068170517,0.02277126953751865,0.006881860213634098,5,11.8,0.9615277777777776,0.236,5.8,200,212399885001,50,170.70832800865173,11.4,0.9491633597883594,0.228,9.6,201,374988376638,50,177.07259273529053,11.0,0.9241468253968252,0.22,9.6,202,431053971709,50,203.32634925842285,11.2,0.9193749999999999,0.224,7.6,203,208572859484,50,209.23692226409912,10.8,0.8970667989417987,0.216,8.4,204,847390121387,50,242.8986644744873,1003.2428567409515,243.21193552017212
50,19,1.9,5,4,9,10,11,12,12,13,9,10,10,11,9,10,0,0,0,0,0.04543627957273179,0.9033806707976637,3.7347509713086495,0,0,0,0,2.48,2.96,0.9280833333333331,0.059199999999999996,0.6273754856543249,0.34409301068170517,0.012351331267834718,0.006881860213634103,5,3.4,0.9234722222222221,0.068,1.8,205,212399885001,50,161.07660555839539,3.2,0.9336111111111108,0.064,3.6,206,374988376638,50,150.76613974571228,2.4,0.9065740740740739,0.048,2.4,207,431053971709,50,184.183109998703,3.0,0.9426388888888887,0.06,2.0,208,208572859484,50,148.3078374862671,2.8,0.9341203703703703,0.056,2.6,209,847390121387,50,152.2077078819275,796.5414006710052,184.20069360733032
51,16,1.6,5,4,12,14,9,10,12,14,10,13,9,13,10,11,9,13,0,0,0.13520000000000001,0.921595693265828,6.408545348932721,0,0,0,0,5.0,7.880000000000001,0.9488743386243386,0.15760000000000002,0.7042726744663603,0.56,0.013639322679255257,0.011200000000000002,5,8.8,0.9579199735449733,0.176,4.4,210,212399885001,50,204.99682784080505,7.4,0.9421031746031746,0.148,6.2,211,374988376638,50,240.25015354156494,7.2,0.961134259259259,0.144,5.4,212,431053971709,50,224.03169989585876,8.0,0.9250760582010581,0.16,4.4,213,208572859484,50,249.0667610168457,8.0,0.9581382275132275,0.16,4.6,214,847390121387,50,194.5222601890564,1112.8677024841309,249.38304567337036
52,19,1.9,5,4,9,11,11,12,11,14,12,13,11,14,9,10,0,0,0,0,0.09645152338066984,0.920829103635694,4.975843122174846,0,0,0,0,4.16,5.5200000000000005,0.9443888888888887,0.11039999999999998,0.4079215610874227,0.34871191548325386,0.01177989262659735,0.0069742383096650755,5,5.8,0.9377083333333333,0.116,4.4,170,212399885001,50,203.09723448753357,6.0,0.9483101851851848,0.12,4.0,171,374988376638,50,176.77667236328125,5.0,0.9278549382716048,0.1,4.0,172,431053971709,50,213.98431611061096,5.4,0.9446990740740739,0.108,4.8,173,208572859484,50,189.64404559135437,5.4,0.9633719135802469,0.108,3.6,174,847390121387,50,167.58631014823914,951.0885787010193,0.0017046928405761719
53,19,1.9,5,4,12,13,11,12,10,12,9,13,10,11,9,12,0,0,0,0,0.10723643907991734,0.9205980472311807,6.007673435381234,0,0,0,0,4.4399999999999995,5.8,0.9539598765432098,0.11599999999999999,0.7838367176906169,0.21908902300206665,0.016680914656014557,0.004381780460041328,5,6.2,0.93179012345679,0.124,3.4,190,212399885001,50,196.42999267578125,5.6,0.9513078703703703,0.112,4.2,191,374988376638,50,173.15584015846252,5.6,0.9722646604938271,0.112,4.6,192,431053971709,50,144.7475950717926,5.8,0.9735956790123456,0.116,5.8,193,208572859484,50,158.33151078224182,5.8,0.9408410493827158,0.116,4.2,194,847390121387,50,192.87417912483215,865.5391178131104,0.0013720989227294922
54,19,1.9,5,4,9,11,9,10,11,14,12,13,9,11,11,14,9,11,0,0,0.1254015385525825,0.8971836371015132,4.617423830966507,0,0,0,0,3.9199999999999995,6.92,0.9353518518518518,0.13840000000000002,0.3487119154832538,0.3249615361854384,0.01908410737516933,0.0064992307237087665,5,7.4,0.9673544973544973,0.148,4.6,215,212399885001,50,190.21770215034485,6.8,0.9311772486772485,0.136,3.8,216,374988376638,50,255.71659135818481,6.4,0.9179431216931215,0.128,3.8,217,431053971709,50,267.573778629303,7.0,0.9156150793650791,0.14,3.6,218,208572859484,50,270.1700265407562,7.0,0.944669312169312,0.14,3.8,219,847390121387,50,233.6463840007782,1217.324482679367,270.19690346717834
55,19,1.9,5,4,11,12,9,12,9,10,0,0,0,0,0,0,0,0,0,0,0.044,0.8983840990008782,2.90365041127896,0,0,0,0,2.08,2.2,0.95229012345679,0.044,0.41182520563948005,0.0,0.02695301222795586,0.0,5,2.2,0.9559876543209876,0.044,2.0,220,212399885001,50,118.95087432861328,2.2,0.9798148148148148,0.044,2.4,221,374988376638,50,116.572678565979,2.2,0.9759876543209872,0.044,2.6,222,431053971709,50,102.60065197944641,2.2,0.9049382716049382,0.044,2.0,223,208572859484,50,143.94643878936768,2.2,0.9447222222222221,0.044,1.4,224,847390121387,50,127.34264612197876,609.4132897853851,144.4576382637024
56,17,1.7,5,4,9,10,11,12,10,11,11,12,10,11,9,10,0,0,0,0,0.04723643907991734,0.9002053261774469,2.2156287771866126,0,0,0,0,1.44,2.8,0.9283425925925923,0.055999999999999994,0.38781438859330636,0.21908902300206645,0.014068633207572715,0.004381780460041328,5,3.0,0.9209259259259257,0.06,1.2,225,212399885001,50,179.6294538974762,3.0,0.9137499999999997,0.06,1.8,226,374988376638,50,188.28899884223938,2.4,0.9357870370370368,0.048,2.0,227,431053971709,50,173.88705801963806,2.8,0.9188888888888885,0.056,1.2,228,208572859484,50,182.73256015777588,2.8,0.9523611111111108,0.056,1.0,229,847390121387,50,153.37272214889526,877.9107930660248,188.30061864852905
57,17,1.7,5,4,9,10,11,13,9,10,9,13,10,11,9,10,0,0,0,0,0.0832,0.9168481295631729,4.714534138012398,0,0,0,0,3.4,4.4799999999999995,0.9419374999999999,0.08959999999999999,0.6572670690061995,0.15999999999999975,0.0125446852184135,0.003199999999999998,5,4.6,0.9408564814814814,0.092,3.4,230,212399885001,50,179.00759410858154,4.2,0.9336805555555555,0.084,3.8,231,374988376638,50,186.89630556106567,4.6,0.9346759259259257,0.092,2.8,232,431053971709,50,197.8305323123932,4.4,0.9340046296296293,0.088,4.4,233,208572859484,50,185.19259023666382,4.6,0.9664699074074073,0.092,2.6,234,847390121387,50,160.69731521606445,909.6243374347687,198.16300177574158
58,17,1.7,5,4,9,11,11,13,10,11,9,13,10,11,9,11,0,0,0,0,0.09954827202699956,0.8916635295646105,5.429436981129056,0,0,0,0,3.9199999999999995,5.5200000000000005,0.9357800925925925,0.11039999999999998,0.7547184905645283,0.27129319932501056,0.022058281513991005,0.005425863986500214,5,6.0,0.9095023148148148,0.12,4.2,145,212399885001,50,253.95135045051575,5.4,0.9354166666666667,0.108,3.4,146,374988376638,50,198.80234742164612,5.2,0.9262268518518518,0.104,2.8,147,431053971709,50,227.54065561294556,5.6,0.9315624999999997,0.112,5.0,148,208572859484,50,214.46708822250366,5.4,0.9761921296296294,0.108,4.2,149,847390121387,50,155.8107213973999,1050.572163105011,0.001836538314819336
59,17,1.7,5,4,9,11,11,13,10,11,9,13,10,11,9,11,0,0,0,0,0.09954827202699956,0.8916635295646105,5.429436981129056,0,0,0,0,3.9199999999999995,5.5200000000000005,0.9357800925925925,0.11039999999999998,0.7547184905645283,0.27129319932501056,0.022058281513991005,0.005425863986500214,5,6.0,0.9095023148148148,0.12,4.2,145,212399885001,50,253.95135045051575,5.4,0.9354166666666667,0.108,3.4,146,374988376638,50,198.80234742164612,5.2,0.9262268518518518,0.104,2.8,147,431053971709,50,227.54065561294556,5.6,0.9315624999999997,0.112,5.0,148,208572859484,50,214.46708822250366,5.4,0.9761921296296294,0.108,4.2,149,847390121387,50,155.8107213973999,1050.572163105011,0.0015330314636230469
60,17,1.7,5,5,9,10,9,10,10,11,9,12,10,11,9,11,0,0,0,0,0.07147047696824753,0.9173155884141492,3.64818602136341,0,0,0,0,2.96,4.04,0.9449290123456787,0.08080000000000001,0.3440930106817051,0.23323807579381223,0.013806711965764763,0.004664761515876241,5,4.4,0.9481635802469134,0.088,3.4,235,212399885001,50,183.7081208229065,3.8,0.9326929012345678,0.076,3.0,236,374988376638,50,219.68423795700073,3.8,0.9444521604938271,0.076,2.8,237,431053971709,50,188.84755730628967,4.0,0.9303317901234566,0.08,2.4,238,208572859484,50,189.8973524570465,4.2,0.9690046296296293,0.084,3.2,239,847390121387,50,161.134690284729,943.2719588279724,219.69647097587585
61,17,1.7,5,5,11,12,11,13,10,11,11,12,10,11,0,0,0,0,0,0,0.04736163282309382,0.8889266339163859,2.5299230723708765,0,0,0,0,1.8799999999999997,2.76,0.9311277777777777,0.05519999999999999,0.32496153618543844,0.1959591794226542,0.021100571930695877,0.003919183588453085,5,3.0,0.9560277777777776,0.06,1.8,240,212399885001,50,120.0499165058136,3.0,0.9237499999999998,0.06,1.4,241,374988376638,50,155.56319618225098,2.6,0.9466666666666665,0.052,2.4,242,431053971709,50,133.4419767856598,2.6,0.8950555555555553,0.052,1.8,243,208572859484,50,177.65156245231628,2.6,0.9341388888888886,0.052,2.0,244,847390121387,50,143.34179639816284,730.0484483242035,177.9654722213745
62,17,1.7,5,5,11,13,12,14,10,11,9,13,10,11,9,10,0,0,0,0,0.08448313755650308,0.9074644902927005,5.478094157072242,0,0,0,0,3.8,5.04,0.9407384259259256,0.1008,0.8390470785361213,0.4079215610874229,0.016636967816612547,0.008158431221748457,5,5.6,0.9384953703703703,0.112,4.8,245,212399885001,50,185.88842511177063,4.6,0.9262384259259259,0.092,4.8,246,374988376638,50,206.01636290550232,4.6,0.9497800925925924,0.092,3.2,247,431053971709,50,186.58567810058594,5.4,0.9215972222222218,0.108,2.8,248,208572859484,50,219.5728702545166,5.0,0.9675810185185183,0.1,3.4,249,847390121387,50,176.37129545211792,974.4346318244934,219.59794640541077
63,17,1.7,5,5,9,10,10,11,11,12,10,11,9,10,0,0,0,0,0,0,0.037870476968247524,0.8970861875364545,2.4529523031752483,0,0,0,0,1.52,2.3600000000000003,0.9294444444444443,0.0472,0.4664761515876241,0.23323807579381206,0.016179128453994867,0.004664761515876239,5,2.6,0.9487777777777776,0.052,1.8,250,212399885001,50,140.05721306800842,2.6,0.9214444444444443,0.052,1.4,251,374988376638,50,160.8558132648468,2.0,0.9418888888888887,0.04,2.2,252,431053971709,50,151.60623955726624,2.2,0.9028333333333329,0.044,1.4,253,208572859484,50,178.08333349227905,2.4,0.9322777777777775,0.048,0.8,254,847390121387,50,157.13513040542603,787.7377297878265,178.40853643417358
64,83,8.3,5,5,12,13,10,13,9,11,12,13,9,10,9,10,9,13,0,0,0.21103627957273177,0.8847134133059149,11.039718295887814,0,0,0,0,8.2,11.24,0.9302559523809523,0.22479999999999997,1.4198591479439078,0.34409301068170517,0.02277126953751865,0.006881860213634098,5,11.8,0.9615277777777776,0.236,5.8,200,212399885001,50,170.70832800865173,11.4,0.9491633597883594,0.228,9.6,201,374988376638,50,177.07259273529053,11.0,0.9241468253968252,0.22,9.6,202,431053971709,50,203.32634925842285,11.2,0.9193749999999999,0.224,7.6,203,208572859484,50,209.23692226409912,10.8,0.8970667989417987,0.216,8.4,204,847390121387,50,242.8986644744873,1003.2428567409515,0.00153350830078125
65,83,8.3,5,5,12,13,10,13,9,11,12,13,9,10,9,10,9,13,0,0,0.21103627957273177,0.8847134133059149,11.039718295887814,0,0,0,0,8.2,11.24,0.9302559523809523,0.22479999999999997,1.4198591479439078,0.34409301068170517,0.02277126953751865,0.006881860213634098,5,11.8,0.9615277777777776,0.236,5.8,200,212399885001,50,170.70832800865173,11.4,0.9491633597883594,0.228,9.6,201,374988376638,50,177.07259273529053,11.0,0.9241468253968252,0.22,9.6,202,431053971709,50,203.32634925842285,11.2,0.9193749999999999,0.224,7.6,203,208572859484,50,209.23692226409912,10.8,0.8970667989417987,0.216,8.4,204,847390121387,50,242.8986644744873,1003.2428567409515,0.0013091564178466797
66,17,1.7,5,5,9,11,11,13,10,11,9,13,10,11,9,11,0,0,0,0,0.09954827202699956,0.8916635295646105,5.429436981129056,0,0,0,0,3.9199999999999995,5.5200000000000005,0.9357800925925925,0.11039999999999998,0.7547184905645283,0.27129319932501056,0.022058281513991005,0.005425863986500214,5,6.0,0.9095023148148148,0.12,4.2,145,212399885001,50,253.95135045051575,5.4,0.9354166666666667,0.108,3.4,146,374988376638,50,198.80234742164612,5.2,0.9262268518518518,0.104,2.8,147,431053971709,50,227.54065561294556,5.6,0.9315624999999997,0.112,5.0,148,208572859484,50,214.46708822250366,5.4,0.9761921296296294,0.108,4.2,149,847390121387,50,155.8107213973999,1050.572163105011,0.0011067390441894531
67,19,1.9,5,5,11,12,9,12,9,10,0,0,0,0,0,0,0,0,0,0,0.044,0.8983840990008782,2.90365041127896,0,0,0,0,2.08,2.2,0.95229012345679,0.044,0.41182520563948005,0.0,0.02695301222795586,0.0,5,2.2,0.9559876543209876,0.044,2.0,220,212399885001,50,118.95087432861328,2.2,0.9798148148148148,0.044,2.4,221,374988376638,50,116.572678565979,2.2,0.9759876543209872,0.044,2.6,222,431053971709,50,102.60065197944641,2.2,0.9049382716049382,0.044,2.0,223,208572859484,50,143.94643878936768,2.2,0.9447222222222221,0.044,1.4,224,847390121387,50,127.34264612197876,609.4132897853851,0.0011298656463623047
68,18,1.8,5,5,9,10,12,13,10,13,10,11,9,10,0,0,0,0,0,0,0.05824156877825155,0.9030503786344741,3.212952303175248,0,0,0,0,2.2800000000000002,3.3200000000000003,0.9244296296296295,0.0664,0.4664761515876239,0.2039607805437114,0.010689625497577682,0.004079215610874228,5,3.4,0.9210370370370369,0.068,2.8,255,212399885001,50,167.61381912231445,3.4,0.9134444444444443,0.068,2.2,256,374988376638,50,175.06699991226196,3.0,0.9408518518518516,0.06,2.8,257,431053971709,50,157.24920344352722,3.2,0.9142592592592592,0.064,1.6,258,208572859484,50,173.69972252845764,3.6,0.9325555555555555,0.072,2.0,259,847390121387,50,154.48595356941223,828.1156985759735,175.08402729034424
69,17,1.7,5,5,9,10,11,12,9,11,9,10,0,0,0,0,0,0,0,0,0.0416808164115469,0.885046800638727,2.6842356285797475,0,0,0,0,1.3599999999999999,2.2800000000000002,0.9266944444444443,0.045599999999999995,0.6621178142898739,0.09797958971132699,0.02082382190285865,0.001959591794226544,5,2.2,0.9058680555555554,0.044,0.8,260,212399885001,50,163.80631184577942,2.2,0.9415624999999999,0.044,1.2,261,374988376638,50,135.2479248046875,2.2,0.9600694444444442,0.044,2.6,262,431053971709,50,125.79548859596252,2.4,0.9164236111111108,0.048,1.4,263,208572859484,50,145.7975959777832,2.4,0.9095486111111108,0.048,0.8,264,847390121387,50,158.18505144119263,728.8323726654053,163.82431268692017
70,17,1.7,5,5,9,11,11,13,10,11,9,13,10,11,9,11,0,0,0,0,0.09954827202699956,0.8916635295646105,5.429436981129056,0,0,0,0,3.9199999999999995,5.5200000000000005,0.9357800925925925,0.11039999999999998,0.7547184905645283,0.27129319932501056,0.022058281513991005,0.005425863986500214,5,6.0,0.9095023148148148,0.12,4.2,145,212399885001,50,253.95135045051575,5.4,0.9354166666666667,0.108,3.4,146,374988376638,50,198.80234742164612,5.2,0.9262268518518518,0.104,2.8,147,431053971709,50,227.54065561294556,5.6,0.9315624999999997,0.112,5.0,148,208572859484,50,214.46708822250366,5.4,0.9761921296296294,0.108,4.2,149,847390121387,50,155.8107213973999,1050.572163105011,0.00189971923828125
71,17,1.7,5,5,9,11,11,13,10,11,9,13,10,11,9,11,0,0,0,0,0.09954827202699956,0.8916635295646105,5.429436981129056,0,0,0,0,3.9199999999999995,5.5200000000000005,0.9357800925925925,0.11039999999999998,0.7547184905645283,0.27129319932501056,0.022058281513991005,0.005425863986500214,5,6.0,0.9095023148148148,0.12,4.2,145,212399885001,50,253.95135045051575,5.4,0.9354166666666667,0.108,3.4,146,374988376638,50,198.80234742164612,5.2,0.9262268518518518,0.104,2.8,147,431053971709,50,227.54065561294556,5.6,0.9315624999999997,0.112,5.0,148,208572859484,50,214.46708822250366,5.4,0.9761921296296294,0.108,4.2,149,847390121387,50,155.8107213973999,1050.572163105011,0.0014865398406982422
72,17,1.7,5,6,11,12,9,10,9,10,9,10,0,0,0,0,0,0,0,0,0.029213348181161697,0.9002053048503489,2.482663710269833,0,0,0,0,1.2799999999999998,1.7600000000000002,0.9248888888888885,0.0352,0.6013318551349164,0.14966629547095764,0.012341792019269842,0.002993325909419153,5,2.0,0.9397916666666664,0.04,0.6,265,212399885001,50,129.6861686706543,1.6,0.9071527777777776,0.032,1.0,266,374988376638,50,152.47149085998535,1.6,0.9376388888888886,0.032,2.0,267,431053971709,50,135.34402465820312,1.8,0.9173611111111107,0.036,2.0,268,208572859484,50,140.69684171676636,1.8,0.9224999999999999,0.036,0.8,269,847390121387,50,138.29181671142578,696.4903426170349,152.49052119255066
73,17,1.7,5,6,11,12,10,11,10,11,9,10,0,0,0,0,0,0,0,0,0.029213348181161697,0.9002053048503489,2.0508422980528036,0,0,0,0,1.16,1.7600000000000002,0.9248888888888885,0.0352,0.4454211490264018,0.14966629547095764,0.012341792019269842,0.002993325909419153,5,2.0,0.9397916666666664,0.04,1.6,270,212399885001,50,131.74107265472412,1.6,0.9071527777777776,0.032,1.6,271,374988376638,50,153.59317255020142,1.6,0.9376388888888886,0.032,0.4,272,431053971709,50,135.3714303970337,1.8,0.9173611111111107,0.036,1.0,273,208572859484,50,141.39835023880005,1.8,0.9224999999999999,0.036,1.2,274,847390121387,50,139.50763297080994,701.6116588115692,153.87378668785095
74,79,7.9,5,6,9,10,9,10,10,11,11,12,9,10,0,0,0,0,0,0,0.07721334818116171,0.8716965763270458,3.6129523031752484,0,0,0,0,2.68,4.16,0.9016999999999997,0.08320000000000001,0.4664761515876241,0.1496662954709578,0.015001711836476991,0.0029933259094191513,5,4.4,0.9267777777777777,0.088,3.2,275,212399885001,50,139.9412989616394,4.0,0.8905555555555553,0.08,2.6,276,374988376638,50,176.88745021820068,4.0,0.886944444444444,0.08,3.2,277,431053971709,50,178.36057949066162,4.2,0.8933333333333332,0.084,2.4,278,208572859484,50,169.79447865486145,4.2,0.9108888888888886,0.084,2.0,279,847390121387,50,159.35979986190796,824.3436071872711,178.3779706954956
75,20,2.0,5,6,10,13,11,12,12,13,9,10,9,10,9,10,9,13,0,0,0.1054362795727318,0.9293953965899411,5.073312629199899,0,0,0,0,4.0,5.96,0.9566805555555554,0.1192,0.5366563145999496,0.3440930106817051,0.013642579482807162,0.006881860213634102,5,6.4,0.9587896825396823,0.128,4.0,280,212399885001,50,188.33187174797058,6.2,0.9798280423280422,0.124,5.0,281,374988376638,50,145.96031546592712,5.4,0.9381183862433861,0.108,3.8,282,431053971709,50,194.68628311157227,6.0,0.949914021164021,0.12,3.4,283,208572859484,50,198.1018307209015,5.8,0.9567526455026455,0.116,3.8,284,847390121387,50,183.53392386436462,910.6142249107361,198.43562030792236
76,83,8.3,5,6,12,13,10,13,9,11,12,13,9,10,9,10,9,13,0,0,0.21103627957273177,0.8847134133059149,11.039718295887814,0,0,0,0,8.2,11.24,0.9302559523809523,0.22479999999999997,1.4198591479439078,0.34409301068170517,0.02277126953751865,0.006881860213634098,5,11.8,0.9615277777777776,0.236,5.8,200,212399885001,50,170.70832800865173,11.4,0.9491633597883594,0.228,9.6,201,374988376638,50,177.07259273529053,11.0,0.9241468253968252,0.22,9.6,202,431053971709,50,203.32634925842285,11.2,0.9193749999999999,0.224,7.6,203,208572859484,50,209.23692226409912,10.8,0.8970667989417987,0.216,8.4,204,847390121387,50,242.8986644744873,1003.2428567409515,0.0018727779388427734
77,83,8.3,5,6,12,13,10,13,9,11,12,13,9,10,9,10,9,13,0,0,0.21103627957273177,0.8847134133059149,11.039718295887814,0,0,0,0,8.2,11.24,0.9302559523809523,0.22479999999999997,1.4198591479439078,0.34409301068170517,0.02277126953751865,0.006881860213634098,5,11.8,0.9615277777777776,0.236,5.8,200,212399885001,50,170.70832800865173,11.4,0.9491633597883594,0.228,9.6,201,374988376638,50,177.07259273529053,11.0,0.9241468253968252,0.22,9.6,202,431053971709,50,203.32634925842285,11.2,0.9193749999999999,0.224,7.6,203,208572859484,50,209.23692226409912,10.8,0.8970667989417987,0.216,8.4,204,847390121387,50,242.8986644744873,1003.2428567409515,0.0015513896942138672
78,17,1.7,5,6,9,10,10,11,11,12,10,11,9,10,0,0,0,0,0,0,0.037870476968247524,0.8970861875364545,2.4529523031752483,0,0,0,0,1.52,2.3600000000000003,0.9294444444444443,0.0472,0.4664761515876241,0.23323807579381206,0.016179128453994867,0.004664761515876239,5,2.6,0.9487777777777776,0.052,1.8,250,212399885001,50,140.05721306800842,2.6,0.9214444444444443,0.052,1.4,251,374988376638,50,160.8558132648468,2.0,0.9418888888888887,0.04,2.2,252,431053971709,50,151.60623955726624,2.2,0.9028333333333329,0.044,1.4,253,208572859484,50,178.08333349227905,2.4,0.9322777777777775,0.048,0.8,254,847390121387,50,157.13513040542603,787.7377297878265,0.0016789436340332031
79,18,1.8,5,6,11,12,9,12,9,10,0,0,0,0,0,0,0,0,0,0,0.036961632823093823,0.918612445984692,2.366066952223218,0,0,0,0,1.44,2.2399999999999998,0.955506172839506,0.04479999999999999,0.463033476111609,0.19595917942265426,0.01844686342740695,0.0039191835884530846,5,2.6,0.9802777777777777,0.052,1.2,285,212399885001,50,101.48334002494812,2.0,0.9375308641975307,0.04,1.0,286,374988376638,50,121.21399879455566,2.2,0.9499999999999997,0.044,2.0,287,431053971709,50,112.14053583145142,2.2,0.9357098765432098,0.044,2.0,288,208572859484,50,122.11166548728943,2.2,0.9740123456790122,0.044,1.0,289,847390121387,50,102.96034598350525,559.9098861217499,122.1438238620758
80,17,1.7,5,6,11,12,11,13,11,12,11,13,10,11,9,10,10,11,0,0,0.07418680067086272,0.9073532897862968,3.5416263691415204,0,0,0,0,2.6799999999999997,4.24,0.9364047619047616,0.0848,0.4308131845707604,0.265329983228432,0.01452573605923241,0.005306599664568639,5,4.6,0.912738095238095,0.092,2.4,290,212399885001,50,233.1166844367981,4.2,0.9434126984126981,0.084,3.2,291,374988376638,50,180.52364444732666,3.8,0.9356944444444443,0.076,2.2,292,431053971709,50,192.4555947780609,4.4,0.9329563492063491,0.088,2.4,293,208572859484,50,201.28556609153748,4.2,0.9572222222222221,0.084,3.2,294,847390121387,50,174.77401304244995,982.1555027961731,233.13128399848938
81,83,8.3,5,6,9,11,11,12,9,10,10,11,9,12,0,0,0,0,0,0,0.1292133481811617,0.8821697389716031,7.022109071517738,0,0,0,0,4.840000000000001,6.76,0.9126074074074072,0.13520000000000001,1.0910545357588683,0.14966629547095778,0.015218834217902055,0.002993325909419156,5,7.0,0.9330185185185182,0.14,4.0,295,212399885001,50,154.69526839256287,6.6,0.890462962962963,0.132,6.8,296,374988376638,50,184.67344880104065,6.8,0.9211296296296295,0.136,3.8,297,431053971709,50,157.68505930900574,6.6,0.900398148148148,0.132,5.2,298,208572859484,50,178.53438067436218,6.8,0.9180277777777777,0.136,4.4,299,847390121387,50,152.22533893585205,827.8134961128235,184.68990802764893
82,18,1.8,5,6,11,12,9,11,9,10,0,0,0,0,0,0,0,0,0,0,0.029213348181161697,0.9137881419787423,2.9178932768808217,0,0,0,0,1.4,1.7600000000000002,0.9417592592592591,0.0352,0.758946638440411,0.14966629547095764,0.013985558640258432,0.002993325909419153,5,2.0,0.944074074074074,0.04,0.8,300,212399885001,50,129.48992490768433,1.6,0.9308796296296297,0.032,0.8,301,374988376638,50,124.91749453544617,1.8,0.9516203703703701,0.036,2.8,302,431053971709,50,109.43863368034363,1.6,0.9216666666666665,0.032,1.6,303,208572859484,50,134.74960565567017,1.8,0.9605555555555553,0.036,1.0,304,847390121387,50,113.22604870796204,611.8217074871063,135.06628251075745
83,17,1.7,5,6,11,12,9,11,9,10,0,0,0,0,0,0,0,0,0,0,0.028,0.9101999406330983,2.264911064067352,0,0,0,0,1.0,1.72,0.9412777777777777,0.0344,0.6324555320336759,0.15999999999999998,0.015538918572339707,0.0032,5,2.0,0.9586574074074073,0.04,0.0,305,212399885001,50,105.84949541091919,1.8,0.9410185185185184,0.036,1.4,306,374988376638,50,123.20313930511475,1.6,0.9160648148148147,0.032,1.8,307,431053971709,50,137.5972502231598,1.6,0.9562037037037033,0.032,1.2,308,208572859484,50,110.50306630134583,1.6,0.9344444444444443,0.032,0.6,309,847390121387,50,118.27735757827759,595.4303088188171,137.62250423431396
84,17,1.7,5,7,9,10,9,12,10,11,9,10,0,0,0,0,0,0,0,0,0.03874827202699957,0.9063369370597705,2.74365041127896,0,0,0,0,1.92,2.48,0.929486111111111,0.0496,0.41182520563948005,0.2712931993250107,0.011574587025670293,0.005425863986500214,5,3.0,0.9484259259259258,0.06,1.8,310,212399885001,50,133.81743717193604,2.4,0.930625,0.048,2.0,311,374988376638,50,142.87007212638855,2.2,0.9135648148148146,0.044,2.2,312,431053971709,50,196.2426085472107,2.4,0.9322916666666664,0.048,2.4,313,208572859484,50,150.91971731185913,2.4,0.9225231481481482,0.048,1.2,314,847390121387,50,154.6177272796631,778.4675624370575,196.44778156280518
85,18,1.8,5,7,9,10,9,10,0,0,0,0,0,0,0,0,0,0,0,0,0.016,0.8686499536166923,0.6,0,0,0,0,0.6,0.96,0.9188888888888886,0.019200000000000002,0.0,0.07999999999999999,0.02511946763609818,0.0015999999999999999,5,1.0,0.952083333333333,0.02,0.6,315,212399885001,50,90.40545773506165,0.8,0.9034722222222219,0.016,0.6,316,374988376638,50,107.29087948799133,1.0,0.9424999999999997,0.02,0.6,317,431053971709,50,95.34003615379333,1.0,0.8840277777777776,0.02,0.6,318,208572859484,50,111.64813494682312,1.0,0.912361111111111,0.02,0.6,319,847390121387,50,104.70311427116394,509.3876225948334,111.9767701625824
86,18,1.8,5,7,11,12,9,12,9,10,0,0,0,0,0,0,0,0,0,0,0.036961632823093823,0.918612445984692,2.366066952223218,0,0,0,0,1.44,2.2399999999999998,0.955506172839506,0.04479999999999999,0.463033476111609,0.19595917942265426,0.01844686342740695,0.0039191835884530846,5,2.6,0.9802777777777777,0.052,1.2,285,212399885001,50,101.48334002494812,2.0,0.9375308641975307,0.04,1.0,286,374988376638,50,121.21399879455566,2.2,0.9499999999999997,0.044,2.0,287,431053971709,50,112.14053583145142,2.2,0.9357098765432098,0.044,2.0,288,208572859484,50,122.11166548728943,2.2,0.9740123456790122,0.044,1.0,289,847390121387,50,102.96034598350525,559.9098861217499,0.001405477523803711
87,18,1.8,5,7,11,12,9,12,9,10,0,0,0,0,0,0,0,0,0,0,0.036961632823093823,0.918612445984692,2.366066952223218,0,0,0,0,1.44,2.2399999999999998,0.955506172839506,0.04479999999999999,0.463033476111609,0.19595917942265426,0.01844686342740695,0.0039191835884530846,5,2.6,0.9802777777777777,0.052,1.2,285,212399885001,50,101.48334002494812,2.0,0.9375308641975307,0.04,1.0,286,374988376638,50,121.21399879455566,2.2,0.9499999999999997,0.044,2.0,287,431053971709,50,112.14053583145142,2.2,0.9357098765432098,0.044,2.0,288,208572859484,50,122.11166548728943,2.2,0.9740123456790122,0.044,1.0,289,847390121387,50,102.96034598350525,559.9098861217499,0.0013263225555419922
88,17,1.7,5,7,10,12,9,10,0,0,0,0,0,0,0,0,0,0,0,0,0.025680816411546913,0.8818314367024834,1.70365041127896,0,0,0,0,0.8800000000000001,1.48,0.9398055555555554,0.029599999999999998,0.41182520563948,0.09797958971132721,0.028987059426536017,0.0019595917942265423,5,1.6,0.8955555555555553,0.032,0.8,320,212399885001,50,131.0132555961609,1.4,0.9354861111111108,0.028,0.8,321,374988376638,50,98.59589982032776,1.4,0.9432638888888889,0.028,0.2,322,431053971709,50,99.36141777038574,1.4,0.9868055555555553,0.028,1.2,323,208572859484,50,81.32526183128357,1.6,0.9379166666666663,0.032,1.4,324,847390121387,50,107.77350997924805,518.069344997406,131.02429628372192
89,17,1.7,5,7,9,10,10,11,9,10,0,0,0,0,0,0,0,0,0,0,0.021213348181161697,0.9108642194328034,1.64818602136341,0,0,0,0,0.96,1.36,0.9326111111111108,0.027200000000000002,0.3440930106817051,0.1496662954709577,0.010873445839153732,0.002993325909419153,5,1.6,0.9505555555555553,0.032,1.0,325,212399885001,50,110.41351556777954,1.2,0.9262962962962961,0.024,0.8,326,374988376638,50,122.31971454620361,1.2,0.9177777777777775,0.024,1.6,327,431053971709,50,128.3338143825531,1.4,0.9356481481481479,0.028,0.6,328,208572859484,50,115.25885105133057,1.4,0.9327777777777774,0.028,0.8,329,847390121387,50,116.17505288124084,592.5009484291077,128.5177264213562
90,17,1.7,5,7,9,10,11,12,9,10,9,10,0,0,0,0,0,0,0,0,0.029213348181161697,0.9002053048503489,2.808545348932721,0,0,0,0,1.4000000000000001,1.7600000000000002,0.9248888888888885,0.0352,0.7042726744663604,0.14966629547095764,0.012341792019269842,0.002993325909419153,5,2.0,0.9397916666666664,0.04,0.2,330,212399885001,50,136.04596614837646,1.6,0.9071527777777776,0.032,2.2,331,374988376638,50,157.59679245948792,1.6,0.9376388888888886,0.032,1.4,332,431053971709,50,139.78698420524597,1.8,0.9173611111111107,0.036,2.0,333,208572859484,50,145.3034029006958,1.8,0.9224999999999999,0.036,1.2,334,847390121387,50,143.69180178642273,722.4249475002289,157.89890575408936
91,79,7.9,5,7,9,10,9,10,10,12,9,10,0,0,0,0,0,0,0,0,0.08160000000000002,0.8848248396208259,4.383764683262268,0,0,0,0,3.1599999999999997,4.24,0.9354861111111109,0.08480000000000001,0.6118823416311342,0.08000000000000007,0.02533063574514248,0.0015999999999999957,5,4.2,0.9109027777777774,0.084,3.8,335,212399885001,50,143.78324103355408,4.4,0.9735069444444443,0.088,4.0,336,374988376638,50,98.94102025032043,4.2,0.9493749999999999,0.084,2.6,337,431053971709,50,124.86808633804321,4.2,0.9046180555555553,0.084,2.8,338,208572859484,50,141.6968548297882,4.2,0.9390277777777776,0.084,2.6,339,847390121387,50,122.39602613449097,631.6852285861969,143.8012249469757
92,78,7.8,5,7,9,10,9,10,10,11,11,12,0,0,0,0,0,0,0,0,0.06168081641154692,0.8572557974034677,3.4117142559585796,0,0,0,0,2.04,3.28,0.9239999999999997,0.0656,0.6858571279792899,0.09797958971132699,0.03337210129826603,0.001959591794226544,5,3.2,0.8969444444444442,0.064,2.6,340,212399885001,50,147.50828433036804,3.4,0.9605555555555554,0.068,2.6,341,374988376638,50,105.96412134170532,3.4,0.9484027777777777,0.068,2.4,342,431053971709,50,114.44273567199707,3.2,0.8729166666666665,0.064,0.8,343,208572859484,50,159.3230574131012,3.2,0.9411805555555551,0.064,1.8,344,847390121387,50,120.18514013290405,647.4233388900757,159.63205981254578
93,17,1.7,5,7,11,12,11,13,10,11,11,12,0,0,0,0,0,0,0,0,0.036000000000000004,0.9166117357495681,2.255843122174846,0,0,0,0,1.44,2.12,0.9280763888888888,0.04240000000000001,0.40792156108742283,0.15999999999999998,0.005732326569660324,0.0032,5,2.4,0.9360069444444443,0.048,1.0,345,212399885001,50,123.41593742370605,2.0,0.9214583333333333,0.04,1.0,346,374988376638,50,133.58774042129517,2.0,0.9326388888888886,0.04,1.4,347,431053971709,50,132.90029454231262,2.0,0.9282638888888887,0.04,1.8,348,208572859484,50,129.91309595108032,2.2,0.9220138888888889,0.044,2.0,349,847390121387,50,124.14532852172852,643.9623968601227,133.62988471984863
94,17,1.7,5,7,9,10,11,12,10,11,11,12,10,11,9,10,0,0,0,0,0.04723643907991734,0.9002053261774469,2.2156287771866126,0,0,0,0,1.44,2.8,0.9283425925925923,0.055999999999999994,0.38781438859330636,0.21908902300206645,0.014068633207572715,0.004381780460041328,5,3.0,0.9209259259259257,0.06,1.2,225,212399885001,50,179.6294538974762,3.0,0.9137499999999997,0.06,1.8,226,374988376638,50,188.28899884223938,2.4,0.9357870370370368,0.048,2.0,227,431053971709,50,173.88705801963806,2.8,0.9188888888888885,0.056,1.2,228,208572859484,50,182.73256015777588,2.8,0.9523611111111108,0.056,1.0,229,847390121387,50,153.37272214889526,877.9107930660248,0.0017867088317871094
95,79,7.9,5,7,9,10,9,10,10,11,11,12,9,10,0,0,0,0,0,0,0.07721334818116171,0.8716965763270458,3.6129523031752484,0,0,0,0,2.68,4.16,0.9016999999999997,0.08320000000000001,0.4664761515876241,0.1496662954709578,0.015001711836476991,0.0029933259094191513,5,4.4,0.9267777777777777,0.088,3.2,275,212399885001,50,139.9412989616394,4.0,0.8905555555555553,0.08,2.6,276,374988376638,50,176.88745021820068,4.0,0.886944444444444,0.08,3.2,277,431053971709,50,178.36057949066162,4.2,0.8933333333333332,0.084,2.4,278,208572859484,50,169.79447865486145,4.2,0.9108888888888886,0.084,2.0,279,847390121387,50,159.35979986190796,824.3436071872711,0.0014519691467285156
96,78,7.8,5,8,9,11,9,10,9,10,9,10,0,0,0,0,0,0,0,0,0.08160000000000002,0.8733308371112763,3.1186651818838307,0,0,0,0,2.5200000000000005,4.24,0.9374722222222219,0.08480000000000001,0.2993325909419152,0.08000000000000007,0.032070692555472784,0.0015999999999999957,5,4.2,0.9203124999999999,0.084,2.2,350,212399885001,50,134.82328486442566,4.4,0.9776041666666666,0.088,2.6,351,374988376638,50,98.26268076896667,4.2,0.9421527777777777,0.084,2.6,352,431053971709,50,122.18770408630371,4.2,0.8860069444444442,0.084,3.0,353,208572859484,50,149.2148792743683,4.2,0.9612847222222219,0.084,2.2,354,847390121387,50,110.438396692276,614.9269456863403,149.39837217330933
97,85,8.5,5,8,11,12,9,10,11,12,9,12,0,0,0,0,0,0,0,0,0.09894035574373061,0.9171996900405947,5.789436981129056,0,0,0,0,4.279999999999999,5.2,0.9371203703703701,0.10400000000000001,0.7547184905645281,0.12649110640673528,0.009960340164887706,0.0025298221281347018,5,5.2,0.918796296296296,0.104,3.6,355,212399885001,50,139.4067530632019,5.2,0.9448379629629627,0.104,3.6,356,374988376638,50,123.08376264572144,5.2,0.9458333333333332,0.104,4.0,357,431053971709,50,132.1375391483307,5.4,0.9346759259259257,0.108,4.6,358,208572859484,50,129.72598099708557,5.0,0.9414583333333332,0.1,5.6,359,847390121387,50,131.43377423286438,655.787810087204,139.42076754570007
98,83,8.3,5,8,9,11,11,12,9,10,10,11,9,12,0,0,0,0,0,0,0.1292133481811617,0.8821697389716031,7.022109071517738,0,0,0,0,4.840000000000001,6.76,0.9126074074074072,0.13520000000000001,1.0910545357588683,0.14966629547095778,0.015218834217902055,0.002993325909419156,5,7.0,0.9330185185185182,0.14,4.0,295,212399885001,50,154.69526839256287,6.6,0.890462962962963,0.132,6.8,296,374988376638,50,184.67344880104065,6.8,0.9211296296296295,0.136,3.8,297,431053971709,50,157.68505930900574,6.6,0.900398148148148,0.132,5.2,298,208572859484,50,178.53438067436218,6.8,0.9180277777777777,0.136,4.4,299,847390121387,50,152.22533893585205,827.8134961128235,0.0018970966339111328
99,79,7.9,5,8,9,10,9,10,10,11,11,12,9,10,0,0,0,0,0,0,0.07721334818116171,0.8716965763270458,3.6129523031752484,0,0,0,0,2.68,4.16,0.9016999999999997,0.08320000000000001,0.4664761515876241,0.1496662954709578,0.015001711836476991,0.0029933259094191513,5,4.4,0.9267777777777777,0.088,3.2,275,212399885001,50,139.9412989616394,4.0,0.8905555555555553,0.08,2.6,276,374988376638,50,176.88745021820068,4.0,0.886944444444444,0.08,3.2,277,431053971709,50,178.36057949066162,4.2,0.8933333333333332,0.084,2.4,278,208572859484,50,169.79447865486145,4.2,0.9108888888888886,0.084,2.0,279,847390121387,50,159.35979986190796,824.3436071872711,0.001505136489868164
100,110,11.0,5,8,9,10,10,11,9,10,9,10,0,0,0,0,0,0,0,0,0.06336163282309384,0.8578165592667486,3.7191996797437437,0,0,0,0,2.72,3.5599999999999996,0.9190277777777774,0.07120000000000001,0.49959983987187184,0.1959591794226542,0.03060560925551445,0.003919183588453082,5,3.8,0.9609722222222219,0.076,2.6,360,212399885001,50,92.3589277267456,3.4,0.8928472222222219,0.068,3.0,361,374988376638,50,135.82953310012817,3.4,0.8876388888888888,0.068,3.2,362,431053971709,50,141.3297107219696,3.8,0.9506249999999997,0.076,1.8,363,208572859484,50,101.30397176742554,3.4,0.9030555555555554,0.068,3.0,364,847390121387,50,135.80693411827087,606.6290774345398,141.36210823059082
101,16,1.6,5,8,10,12,9,10,0,0,0,0,0,0,0,0,0,0,0,0,0.022813348181161697,0.8983321858862666,1.6141662601625049,0,0,0,0,0.76,1.44,0.940361111111111,0.028800000000000003,0.42708313008125237,0.14966629547095772,0.0210144626124222,0.002993325909419153,5,1.6,0.922847222222222,0.032,1.4,365,212399885001,50,121.27861166000366,1.2,0.9252777777777775,0.024,0.8,366,374988376638,50,114.77387142181396,1.4,0.9786805555555554,0.028,0.4,367,431053971709,50,91.3350715637207,1.4,0.9472222222222221,0.028,0.2,368,208572859484,50,103.61126852035522,1.6,0.9277777777777776,0.032,1.0,369,847390121387,50,111.4883644580841,542.4871876239777,121.29484367370605
102,17,1.7,5,8,9,11,9,10,10,12,9,10,0,0,0,0,0,0,0,0,0.052000000000000005,0.9020153918023155,3.314990196040738,0,0,0,0,2.04,2.7600000000000002,0.9383541666666664,0.055200000000000006,0.6374950980203691,0.0799999999999999,0.018169387432175436,0.0016000000000000014,5,2.8,0.9344097222222219,0.056,3.0,370,212399885001,50,150.8558132648468,2.8,0.9094444444444443,0.056,1.6,371,374988376638,50,173.65741968154907,2.6,0.9661458333333333,0.052,2.6,372,431053971709,50,133.47001719474792,2.8,0.9382291666666664,0.056,1.6,373,208572859484,50,145.41277766227722,2.8,0.9435416666666663,0.056,1.4,374,847390121387,50,148.56504821777344,751.9610760211945,173.91580319404602
103,78,7.8,5,8,10,12,9,10,0,0,0,0,0,0,0,0,0,0,0,0,0.04568081641154692,0.8822965630602635,2.8742710621747296,0,0,0,0,1.7600000000000002,2.48,0.9209027777777777,0.0496,0.5571355310873647,0.09797958971132721,0.01930310735875713,0.0019595917942265405,5,2.6,0.9163194444444441,0.052,1.6,375,212399885001,50,95.07543802261353,2.4,0.8882638888888887,0.048,2.2,376,374988376638,50,115.61807346343994,2.4,0.9326388888888888,0.048,0.8,377,431053971709,50,99.87340044975281,2.4,0.9211111111111108,0.048,2.4,378,208572859484,50,102.59642744064331,2.6,0.9461805555555554,0.052,1.8,379,847390121387,50,89.9995789527893,503.1629183292389,115.81964659690857
104,78,7.8,5,8,9,10,9,10,10,11,11,12,0,0,0,0,0,0,0,0,0.06168081641154692,0.8572557974034677,3.4117142559585796,0,0,0,0,2.04,3.28,0.9239999999999997,0.0656,0.6858571279792899,0.09797958971132699,0.03337210129826603,0.001959591794226544,5,3.2,0.8969444444444442,0.064,2.6,340,212399885001,50,147.50828433036804,3.4,0.9605555555555554,0.068,2.6,341,374988376638,50,105.96412134170532,3.4,0.9484027777777777,0.068,2.4,342,431053971709,50,114.44273567199707,3.2,0.8729166666666665,0.064,0.8,343,208572859484,50,159.3230574131012,3.2,0.9411805555555551,0.064,1.8,344,847390121387,50,120.18514013290405,647.4233388900757,0.0018508434295654297
105,78,7.8,5,8,9,10,9,10,10,11,11,12,0,0,0,0,0,0,0,0,0.06168081641154692,0.8572557974034677,3.4117142559585796,0,0,0,0,2.04,3.28,0.9239999999999997,0.0656,0.6858571279792899,0.09797958971132699,0.03337210129826603,0.001959591794226544,5,3.2,0.8969444444444442,0.064,2.6,340,212399885001,50,147.50828433036804,3.4,0.9605555555555554,0.068,2.6,341,374988376638,50,105.96412134170532,3.4,0.9484027777777777,0.068,2.4,342,431053971709,50,114.44273567199707,3.2,0.8729166666666665,0.064,0.8,343,208572859484,50,159.3230574131012,3.2,0.9411805555555551,0.064,1.8,344,847390121387,50,120.18514013290405,647.4233388900757,0.0014247894287109375
106,78,7.8,5,8,9,10,9,10,10,11,11,12,0,0,0,0,0,0,0,0,0.06168081641154692,0.8572557974034677,3.4117142559585796,0,0,0,0,2.04,3.28,0.9239999999999997,0.0656,0.6858571279792899,0.09797958971132699,0.03337210129826603,0.001959591794226544,5,3.2,0.8969444444444442,0.064,2.6,340,212399885001,50,147.50828433036804,3.4,0.9605555555555554,0.068,2.6,341,374988376638,50,105.96412134170532,3.4,0.9484027777777777,0.068,2.4,342,431053971709,50,114.44273567199707,3.2,0.8729166666666665,0.064,0.8,343,208572859484,50,159.3230574131012,3.2,0.9411805555555551,0.064,1.8,344,847390121387,50,120.18514013290405,647.4233388900757,0.0016145706176757812
107,17,1.7,5,8,9,10,10,11,9,10,0,0,0,0,0,0,0,0,0,0,0.021213348181161697,0.9108642194328034,1.64818602136341,0,0,0,0,0.96,1.36,0.9326111111111108,0.027200000000000002,0.3440930106817051,0.1496662954709577,0.010873445839153732,0.002993325909419153,5,1.6,0.9505555555555553,0.032,1.0,325,212399885001,50,110.41351556777954,1.2,0.9262962962962961,0.024,0.8,326,374988376638,50,122.31971454620361,1.2,0.9177777777777775,0.024,1.6,327,431053971709,50,128.3338143825531,1.4,0.9356481481481479,0.028,0.6,328,208572859484,50,115.25885105133057,1.4,0.9327777777777774,0.028,0.8,329,847390121387,50,116.17505288124084,592.5009484291077,0.0015289783477783203
108,18,1.8,5,9,9,10,10,11,9,10,0,0,0,0,0,0,0,0,0,0,0.021213348181161697,0.876983613061683,1.686066952223218,0,0,0,0,0.76,1.36,0.932648148148148,0.027200000000000002,0.463033476111609,0.1496662954709577,0.027832267543232498,0.002993325909419153,5,1.6,0.956944444444444,0.032,0.6,380,212399885001,50,101.0136194229126,1.2,0.8935185185185185,0.024,0.0,381,374988376638,50,137.32359385490417,1.2,0.9459259259259256,0.024,1.4,382,431053971709,50,110.66856527328491,1.4,0.9053703703703703,0.028,1.0,383,208572859484,50,130.8471977710724,1.4,0.9614814814814813,0.028,0.8,384,847390121387,50,101.91211342811584,581.7650897502899,137.34696125984192
109,110,11.0,5,9,11,12,11,12,9,10,0,0,0,0,0,0,0,0,0,0,0.04624156877825155,0.8530517004047188,2.966066952223218,0,0,0,0,2.04,2.7199999999999998,0.930222222222222,0.054400000000000004,0.4630334761116091,0.20396078054371136,0.03858526090875159,0.004079215610874228,5,2.8,0.949722222222222,0.056,1.6,385,212399885001,50,95.86498236656189,2.8,0.931111111111111,0.056,1.4,386,374988376638,50,100.79590106010437,2.4,0.8681481481481478,0.048,2.2,387,431053971709,50,136.04868340492249,3.0,0.9852777777777774,0.06,2.6,388,208572859484,50,78.33777570724487,2.6,0.9168518518518516,0.052,2.4,389,847390121387,50,110.96639752388,522.0137400627136,136.37222003936768
110,78,7.8,5,9,9,10,9,10,10,11,11,12,0,0,0,0,0,0,0,0,0.06168081641154692,0.8572557974034677,3.4117142559585796,0,0,0,0,2.04,3.28,0.9239999999999997,0.0656,0.6858571279792899,0.09797958971132699,0.03337210129826603,0.001959591794226544,5,3.2,0.8969444444444442,0.064,2.6,340,212399885001,50,147.50828433036804,3.4,0.9605555555555554,0.068,2.6,341,374988376638,50,105.96412134170532,3.4,0.9484027777777777,0.068,2.4,342,431053971709,50,114.44273567199707,3.2,0.8729166666666665,0.064,0.8,343,208572859484,50,159.3230574131012,3.2,0.9411805555555551,0.064,1.8,344,847390121387,50,120.18514013290405,647.4233388900757,0.0017504692077636719
111,78,7.8,5,9,9,10,9,10,10,11,11,12,0,0,0,0,0,0,0,0,0.06168081641154692,0.8572557974034677,3.4117142559585796,0,0,0,0,2.04,3.28,0.9239999999999997,0.0656,0.6858571279792899,0.09797958971132699,0.03337210129826603,0.001959591794226544,5,3.2,0.8969444444444442,0.064,2.6,340,212399885001,50,147.50828433036804,3.4,0.9605555555555554,0.068,2.6,341,374988376638,50,105.96412134170532,3.4,0.9484027777777777,0.068,2.4,342,431053971709,50,114.44273567199707,3.2,0.8729166666666665,0.064,0.8,343,208572859484,50,159.3230574131012,3.2,0.9411805555555551,0.064,1.8,344,847390121387,50,120.18514013290405,647.4233388900757,0.001394033432006836
112,78,7.8,5,9,9,10,9,10,10,11,11,12,0,0,0,0,0,0,0,0,0.06168081641154692,0.8572557974034677,3.4117142559585796,0,0,0,0,2.04,3.28,0.9239999999999997,0.0656,0.6858571279792899,0.09797958971132699,0.03337210129826603,0.001959591794226544,5,3.2,0.8969444444444442,0.064,2.6,340,212399885001,50,147.50828433036804,3.4,0.9605555555555554,0.068,2.6,341,374988376638,50,105.96412134170532,3.4,0.9484027777777777,0.068,2.4,342,431053971709,50,114.44273567199707,3.2,0.8729166666666665,0.064,0.8,343,208572859484,50,159.3230574131012,3.2,0.9411805555555551,0.064,1.8,344,847390121387,50,120.18514013290405,647.4233388900757,0.001360177993774414
113,78,7.8,5,9,9,10,9,10,10,11,11,12,0,0,0,0,0,0,0,0,0.06168081641154692,0.8572557974034677,3.4117142559585796,0,0,0,0,2.04,3.28,0.9239999999999997,0.0656,0.6858571279792899,0.09797958971132699,0.03337210129826603,0.001959591794226544,5,3.2,0.8969444444444442,0.064,2.6,340,212399885001,50,147.50828433036804,3.4,0.9605555555555554,0.068,2.6,341,374988376638,50,105.96412134170532,3.4,0.9484027777777777,0.068,2.4,342,431053971709,50,114.44273567199707,3.2,0.8729166666666665,0.064,0.8,343,208572859484,50,159.3230574131012,3.2,0.9411805555555551,0.064,1.8,344,847390121387,50,120.18514013290405,647.4233388900757,0.0013484954833984375
114,18,1.8,5,9,9,10,9,10,0,0,0,0,0,0,0,0,0,0,0,0,0.016,0.8686499536166923,0.6,0,0,0,0,0.6,0.96,0.9188888888888886,0.019200000000000002,0.0,0.07999999999999999,0.02511946763609818,0.0015999999999999999,5,1.0,0.952083333333333,0.02,0.6,315,212399885001,50,90.40545773506165,0.8,0.9034722222222219,0.016,0.6,316,374988376638,50,107.29087948799133,1.0,0.9424999999999997,0.02,0.6,317,431053971709,50,95.34003615379333,1.0,0.8840277777777776,0.02,0.6,318,208572859484,50,111.64813494682312,1.0,0.912361111111111,0.02,0.6,319,847390121387,50,104.70311427116394,509.3876225948334,0.0007083415985107422
115,18,1.8,5,9,9,10,9,10,0,0,0,0,0,0,0,0,0,0,0,0,0.016,0.8686499536166923,0.6,0,0,0,0,0.6,0.96,0.9188888888888886,0.019200000000000002,0.0,0.07999999999999999,0.02511946763609818,0.0015999999999999999,5,1.0,0.952083333333333,0.02,0.6,315,212399885001,50,90.40545773506165,0.8,0.9034722222222219,0.016,0.6,316,374988376638,50,107.29087948799133,1.0,0.9424999999999997,0.02,0.6,317,431053971709,50,95.34003615379333,1.0,0.8840277777777776,0.02,0.6,318,208572859484,50,111.64813494682312,1.0,0.912361111111111,0.02,0.6,319,847390121387,50,104.70311427116394,509.3876225948334,0.0006146430969238281
116,16,1.6,5,9,10,12,9,10,0,0,0,0,0,0,0,0,0,0,0,0,0.022813348181161697,0.8983321858862666,1.6141662601625049,0,0,0,0,0.76,1.44,0.940361111111111,0.028800000000000003,0.42708313008125237,0.14966629547095772,0.0210144626124222,0.002993325909419153,5,1.6,0.922847222222222,0.032,1.4,365,212399885001,50,121.27861166000366,1.2,0.9252777777777775,0.024,0.8,366,374988376638,50,114.77387142181396,1.4,0.9786805555555554,0.028,0.4,367,431053971709,50,91.3350715637207,1.4,0.9472222222222221,0.028,0.2,368,208572859484,50,103.61126852035522,1.6,0.9277777777777776,0.032,1.0,369,847390121387,50,111.4883644580841,542.4871876239777,0.0006251335144042969
117,78,7.8,5,9,9,11,9,10,9,10,9,10,0,0,0,0,0,0,0,0,0.08160000000000002,0.8733308371112763,3.1186651818838307,0,0,0,0,2.5200000000000005,4.24,0.9374722222222219,0.08480000000000001,0.2993325909419152,0.08000000000000007,0.032070692555472784,0.0015999999999999957,5,4.2,0.9203124999999999,0.084,2.2,350,212399885001,50,134.82328486442566,4.4,0.9776041666666666,0.088,2.6,351,374988376638,50,98.26268076896667,4.2,0.9421527777777777,0.084,2.6,352,431053971709,50,122.18770408630371,4.2,0.8860069444444442,0.084,3.0,353,208572859484,50,149.2148792743683,4.2,0.9612847222222219,0.084,2.2,354,847390121387,50,110.438396692276,614.9269456863403,0.0006353855133056641
118,78,7.8,5,9,9,11,9,10,9,10,9,10,0,0,0,0,0,0,0,0,0.08160000000000002,0.8733308371112763,3.1186651818838307,0,0,0,0,2.5200000000000005,4.24,0.9374722222222219,0.08480000000000001,0.2993325909419152,0.08000000000000007,0.032070692555472784,0.0015999999999999957,5,4.2,0.9203124999999999,0.084,2.2,350,212399885001,50,134.82328486442566,4.4,0.9776041666666666,0.088,2.6,351,374988376638,50,98.26268076896667,4.2,0.9421527777777777,0.084,2.6,352,431053971709,50,122.18770408630371,4.2,0.8860069444444442,0.084,3.0,353,208572859484,50,149.2148792743683,4.2,0.9612847222222219,0.084,2.2,354,847390121387,50,110.438396692276,614.9269456863403,0.0006344318389892578
119,78,7.8,5,9,9,10,9,10,9,10,11,12,0,0,0,0,0,0,0,0,0.06168081641154692,0.8572557974034677,2.6618894796396564,0,0,0,0,1.92,3.28,0.9239999999999997,0.0656,0.3709447398198282,0.09797958971132699,0.03337210129826603,0.001959591794226544,5,3.2,0.8969444444444442,0.064,1.6,390,212399885001,50,145.41007781028748,3.4,0.9605555555555554,0.068,2.4,391,374988376638,50,106.86159467697144,3.4,0.9484027777777777,0.068,2.0,392,431053971709,50,113.58405542373657,3.2,0.8729166666666665,0.064,2.2,393,208572859484,50,156.28702330589294,3.2,0.9411805555555551,0.064,1.4,394,847390121387,50,120.36413860321045,642.5068898200989,156.3502070903778
120,78,7.8,5,10,9,10,11,12,0,0,0,0,0,0,0,0,0,0,0,0,0.032,0.8636386942248042,1.9038367176906168,0,0,0,0,1.1199999999999999,1.6,0.9092222222222219,0.032,0.39191835884530846,0.0,0.02279176399870886,0.0,5,1.6,0.8752777777777774,0.032,0.4,395,212399885001,50,104.687326669693,1.6,0.9041666666666665,0.032,1.4,396,374988376638,50,96.39277935028076,1.6,0.9443055555555553,0.032,1.4,397,431053971709,50,85.98496222496033,1.6,0.9206944444444443,0.032,1.0,398,208572859484,50,93.0662910938263,1.6,0.9016666666666665,0.032,1.4,399,847390121387,50,99.15442323684692,479.2857825756073,104.70141696929932
121,18,1.8,5,10,9,10,9,10,9,10,0,0,0,0,0,0,0,0,0,0,0.021213348181161697,0.876983613061683,1.4593325909419153,0,0,0,0,1.1600000000000001,1.36,0.932648148148148,0.027200000000000002,0.1496662954709576,0.1496662954709577,0.027832267543232498,0.002993325909419153,5,1.6,0.956944444444444,0.032,1.0,400,212399885001,50,101.20645642280579,1.2,0.8935185185185185,0.024,1.0,401,374988376638,50,135.54334378242493,1.2,0.9459259259259256,0.024,1.2,402,431053971709,50,113.10401558876038,1.4,0.9053703703703703,0.028,1.2,403,208572859484,50,126.39992880821228,1.4,0.9614814814814813,0.028,1.4,404,847390121387,50,102.0974988937378,578.3512434959412,135.7940275669098
122,20,2.0,5,10,9,10,11,12,9,10,0,0,0,0,0,0,0,0,0,0,0.02,0.9055360192314885,2.30365041127896,0,0,0,0,1.48,1.32,0.947148148148148,0.0264,0.41182520563948005,0.16000000000000003,0.020806064458329738,0.0032,5,1.2,0.9466666666666663,0.024,1.6,405,212399885001,50,111.46543335914612,1.6,0.9818518518518516,0.032,1.0,406,374988376638,50,95.30472326278687,1.2,0.9516666666666667,0.024,2.0,407,431053971709,50,109.23256349563599,1.4,0.9374999999999996,0.028,1.0,408,208572859484,50,116.50292420387268,1.2,0.9180555555555553,0.024,1.8,409,847390121387,50,123.87198233604431,556.377626657486,123.94567441940308
123,107,10.7,5,10,11,12,9,10,0,0,0,0,0,0,0,0,0,0,0,0,0.03048081641154692,0.8364410269242504,2.166066952223218,0,0,0,0,1.24,1.7200000000000002,0.8964999999999999,0.0344,0.463033476111609,0.0979795897113271,0.030029486537874742,0.001959591794226541,5,1.8,0.9155555555555552,0.036,1.4,410,212399885001,50,86.91032409667969,1.8,0.9241666666666666,0.036,1.4,411,374988376638,50,84.81635117530823,1.6,0.8690277777777774,0.032,1.2,412,431053971709,50,107.41949486732483,1.6,0.8519444444444442,0.032,1.8,413,208572859484,50,111.1732234954834,1.8,0.9218055555555555,0.036,0.4,414,847390121387,50,88.98062419891357,479.3000178337097,111.23079442977905
124,110,11.0,5,10,11,12,11,12,9,10,0,0,0,0,0,0,0,0,0,0,0.04624156877825155,0.8530517004047188,2.966066952223218,0,0,0,0,2.04,2.7199999999999998,0.930222222222222,0.054400000000000004,0.4630334761116091,0.20396078054371136,0.03858526090875159,0.004079215610874228,5,2.8,0.949722222222222,0.056,1.6,385,212399885001,50,95.86498236656189,2.8,0.931111111111111,0.056,1.4,386,374988376638,50,100.79590106010437,2.4,0.8681481481481478,0.048,2.2,387,431053971709,50,136.04868340492249,3.0,0.9852777777777774,0.06,2.6,388,208572859484,50,78.33777570724487,2.6,0.9168518518518516,0.052,2.4,389,847390121387,50,110.96639752388,522.0137400627136,0.0018601417541503906
125,18,1.8,5,10,9,10,9,10,0,0,0,0,0,0,0,0,0,0,0,0,0.016,0.8686499536166923,0.6,0,0,0,0,0.6,0.96,0.9188888888888886,0.019200000000000002,0.0,0.07999999999999999,0.02511946763609818,0.0015999999999999999,5,1.0,0.952083333333333,0.02,0.6,315,212399885001,50,90.40545773506165,0.8,0.9034722222222219,0.016,0.6,316,374988376638,50,107.29087948799133,1.0,0.9424999999999997,0.02,0.6,317,431053971709,50,95.34003615379333,1.0,0.8840277777777776,0.02,0.6,318,208572859484,50,111.64813494682312,1.0,0.912361111111111,0.02,0.6,319,847390121387,50,104.70311427116394,509.3876225948334,0.0014653205871582031
126,78,7.8,5,10,9,10,10,11,11,12,0,0,0,0,0,0,0,0,0,0,0.045680816411546914,0.8943147376972531,3.0220533505997653,0,0,0,0,1.56,2.48,0.9276666666666664,0.0496,0.7310266752998826,0.09797958971132721,0.01667596448470667,0.001959591794226541,5,2.4,0.9026851851851849,0.048,1.8,415,212399885001,50,123.99580883979797,2.6,0.9250925925925925,0.052,0.8,416,374988376638,50,111.29534029960632,2.4,0.9504629629629626,0.048,2.2,417,431053971709,50,105.2647716999054,2.6,0.9193518518518516,0.052,0.6,418,208572859484,50,113.45226573944092,2.4,0.9407407407407405,0.048,2.4,419,847390121387,50,107.36052680015564,561.3687133789062,124.01051902770996
127,18,1.8,5,10,9,10,0,0,0,0,0,0,0,0,0,0,0,0,0,0,0.005600000000000001,0.8474695883826295,1.2390470785361214,0,0,0,0,0.4,0.43999999999999995,0.9375555555555554,0.0088,0.41952353926806063,0.07999999999999999,0.04504298358646289,0.0016,5,0.4,0.9683333333333329,0.008,0.8,420,212399885001,50,72.2666220664978,0.4,0.9555555555555554,0.008,1.0,421,374988376638,50,74.60986232757568,0.6,0.9041666666666665,0.012,0.0,422,431053971709,50,81.8060929775238,0.4,0.8680555555555555,0.008,0.0,423,208572859484,50,89.06686806678772,0.4,0.9916666666666665,0.008,0.2,424,847390121387,50,69.0957441329956,386.8451895713806,89.11948585510254
128,110,11.0,5,10,12,13,11,12,11,12,9,10,0,0,0,0,0,0,0,0,0.06336163282309384,0.8601299018768958,3.64818602136341,0,0,0,0,2.96,3.5599999999999996,0.9198055555555552,0.07120000000000001,0.3440930106817051,0.1959591794226542,0.02983782683932972,0.003919183588453082,5,3.8,0.9609722222222219,0.076,3.0,425,212399885001,50,98.46713638305664,3.4,0.8928472222222219,0.068,3.6,426,374988376638,50,140.2348279953003,3.4,0.8915277777777776,0.068,2.8,427,431053971709,50,141.39108967781067,3.8,0.9506249999999997,0.076,2.8,428,208572859484,50,105.52071070671082,3.4,0.9030555555555554,0.068,2.6,429,847390121387,50,136.35663080215454,621.970395565033,141.44383454322815
129,78,7.8,5,10,9,10,10,11,11,12,0,0,0,0,0,0,0,0,0,0,0.045680816411546914,0.8943147376972531,3.0220533505997653,0,0,0,0,1.56,2.48,0.9276666666666664,0.0496,0.7310266752998826,0.09797958971132721,0.01667596448470667,0.001959591794226541,5,2.4,0.9026851851851849,0.048,1.8,415,212399885001,50,123.99580883979797,2.6,0.9250925925925925,0.052,0.8,416,374988376638,50,111.29534029960632,2.4,0.9504629629629626,0.048,2.2,417,431053971709,50,105.2647716999054,2.6,0.9193518518518516,0.052,0.6,418,208572859484,50,113.45226573944092,2.4,0.9407407407407405,0.048,2.4,419,847390121387,50,107.36052680015564,561.3687133789062,0.0017707347869873047
130,18,1.8,5,10,9,10,9,10,0,0,0,0,0,0,0,0,0,0,0,0,0.016,0.8686499536166923,0.6,0,0,0,0,0.6,0.96,0.9188888888888886,0.019200000000000002,0.0,0.07999999999999999,0.02511946763609818,0.0015999999999999999,5,1.0,0.952083333333333,0.02,0.6,315,212399885001,50,90.40545773506165,0.8,0.9034722222222219,0.016,0.6,316,374988376638,50,107.29087948799133,1.0,0.9424999999999997,0.02,0.6,317,431053971709,50,95.34003615379333,1.0,0.8840277777777776,0.02,0.6,318,208572859484,50,111.64813494682312,1.0,0.912361111111111,0.02,0.6,319,847390121387,50,104.70311427116394,509.3876225948334,0.001363992691040039
131,18,1.8,5,10,9,10,9,10,0,0,0,0,0,0,0,0,0,0,0,0,0.016,0.8686499536166923,0.6,0,0,0,0,0.6,0.96,0.9188888888888886,0.019200000000000002,0.0,0.07999999999999999,0.02511946763609818,0.0015999999999999999,5,1.0,0.952083333333333,0.02,0.6,315,212399885001,50,90.40545773506165,0.8,0.9034722222222219,0.016,0.6,316,374988376638,50,107.29087948799133,1.0,0.9424999999999997,0.02,0.6,317,431053971709,50,95.34003615379333,1.0,0.8840277777777776,0.02,0.6,318,208572859484,50,111.64813494682312,1.0,0.912361111111111,0.02,0.6,319,847390121387,50,104.70311427116394,509.3876225948334,0.0013315677642822266
