,robot_speed,robot_speed_kmh,simulation_duration,generation,robot_0_start,robot_0_end,robot_1_start,robot_1_end,robot_2_start,robot_2_end,robot_3_start,robot_3_end,robot_4_start,robot_4_end,robot_5_start,robot_5_end,robot_6_start,robot_6_end,delivery_rate_comb_std,utilization_rate_comb_std,num_risks_comb_std,robot_7_start,robot_7_end,robot_8_start,robot_8_end,robot_9_start,robot_9_end,num_risks,num_delivered,utilization_rate,delivery_rate,num_risks_std,num_delivered_std,utilization_rate_std,delivery_rate_std,simulations,num_delivered_0,utilization_rate_0,delivery_rate_0,num_risks_0,unique_id_0,seed_0,requests_per_hour_0,execution_time_0,num_delivered_1,utilization_rate_1,delivery_rate_1,num_risks_1,unique_id_1,seed_1,requests_per_hour_1,execution_time_1,num_delivered_2,utilization_rate_2,delivery_rate_2,num_risks_2,unique_id_2,seed_2,requests_per_hour_2,execution_time_2,num_delivered_3,utilization_rate_3,delivery_rate_3,num_risks_3,unique_id_3,seed_3,requests_per_hour_3,execution_time_3,num_delivered_4,utilization_rate_4,delivery_rate_4,num_risks_4,unique_id_4,seed_4,requests_per_hour_4,execution_time_4,sequential_execution_time,execution_time
0,13,1.3,5,0,11,12,12,14,12,14,12,13,9,13,9,12,10,11,0.0913433156108103,0.9203228189267052,5.734941859591651,0,0,0,0,0,0,3.8,5.6800000000000015,0.9435317460317458,0.11359999999999999,0.6449806198638838,0.37094473981982823,0.007736309035013549,0.007418894796396564,5,5.4,0.9346759259259259,0.108,4.0,0,809132025421,50,148.44477558135986,5.4,0.9400496031746031,0.108,3.0,1,990676108683,50,190.92228245735168,6.4,0.9499867724867722,0.128,3.2,2,125914321520,50,162.98002910614014,5.6,0.9551256613756612,0.112,4.0,3,633356605068,50,158.08363318443298,5.6,0.937820767195767,0.112,4.8,4,293597788666,50,178.60414814949036,839.034868478775,191.27479600906372
1,161,16.1,5,0,10,13,9,12,10,13,12,13,9,11,12,14,9,10,0.288,0.9344527867966448,15.263682228244907,0,0,0,0,0,0,11.84,14.88,0.960574074074074,0.2976,1.1412274094149686,0.16000000000000006,0.008707095759143071,0.0032000000000000028,5,14.8,0.9507936507936507,0.296,10.2,5,809132025421,50,137.35574173927307,15.0,0.9753703703703703,0.3,11.8,6,990676108683,50,111.31601786613464,15.0,0.9642724867724867,0.3,12.4,7,125914321520,50,121.04421067237854,14.6,0.9536838624338623,0.292,13.6,8,633356605068,50,141.22002387046814,15.0,0.9587499999999999,0.3,11.2,9,293597788666,50,122.96054697036743,633.8965411186218,141.39838647842407
2,165,16.5,5,0,9,13,10,13,9,12,11,12,12,13,11,13,12,14,0.35252122461732033,0.9383426976153205,18.488100718284155,12,14,0,0,0,0,14.040000000000001,17.919999999999998,0.9592708333333333,0.35839999999999994,1.4827002394280513,0.09797958971132678,0.006976045239337588,0.001959591794226544,5,17.8,0.9501417824074073,0.356,15.8,10,809132025421,50,129.03844904899597,18.0,0.9697800925925926,0.36,15.2,11,990676108683,50,96.24119424819946,18.0,0.9578472222222222,0.36,12.6,12,125914321520,50,118.13925457000732,18.0,0.9641666666666666,0.36,12.0,13,633356605068,50,105.11836528778076,17.8,0.9544184027777777,0.356,14.6,14,293597788666,50,129.5076129436493,578.0448760986328,129.62353420257568
3,48,4.8,5,0,11,14,9,12,11,12,10,11,9,12,12,14,10,14,0.28082106723119177,0.9269835702829192,14.63795865215548,9,12,0,0,0,0,10.719999999999999,14.8,0.9536487268518516,0.296,1.3059862173851604,0.2529822128134703,0.008888385522977478,0.005059644256269412,5,15.0,0.9448813657407407,0.3,9.6,15,809132025421,50,191.95472359657288,14.4,0.9423177083333333,0.288,11.8,16,990676108683,50,178.48135256767273,15.0,0.9631799768518519,0.3,12.2,17,125914321520,50,158.21837162971497,14.6,0.9542910879629628,0.292,11.2,18,633356605068,50,178.06124591827393,15.0,0.9635734953703703,0.3,8.8,19,293597788666,50,165.738933801651,872.4546275138855,191.96038246154785
4,194,19.4,5,0,12,14,9,10,9,11,10,14,11,13,12,14,12,13,0.35572122461732036,0.9273067137323171,17.705692783988447,9,12,12,13,0,0,12.959999999999999,18.080000000000002,0.9456322016460904,0.3616,1.5818975946628153,0.09797958971132678,0.006108495971257759,0.001959591794226544,5,18.2,0.9482458847736626,0.364,12.6,20,809132025421,50,146.91259574890137,18.0,0.9399614197530863,0.36,16.0,21,990676108683,50,159.19589400291443,18.0,0.9368595679012345,0.36,12.2,22,125914321520,50,177.05276608467102,18.0,0.9521167695473248,0.36,12.6,23,633356605068,50,144.31228184700012,18.2,0.950977366255144,0.364,11.4,24,293597788666,50,143.4969403743744,770.9704780578613,177.16313123703003
5,108,10.8,5,0,9,11,12,14,11,12,10,14,12,14,12,14,9,13,0.43822002227174256,0.9492504218404012,22.446466744596904,11,13,11,13,9,12,17.0,22.36,0.9613060185185184,0.44720000000000004,1.8154889148656352,0.14966629547095825,0.0040185322260390625,0.0029933259094191557,5,22.4,0.967398148148148,0.448,16.4,25,809132025421,50,162.97760796546936,22.2,0.9563217592592592,0.444,18.6,26,990676108683,50,156.58465218544006,22.6,0.9634930555555556,0.452,15.6,27,125914321520,50,150.89075016975403,22.4,0.9617291666666666,0.448,19.6,28,633356605068,50,155.86417961120605,22.2,0.9575879629629629,0.444,14.8,29,293597788666,50,169.92953848838806,796.2467284202576,169.93828082084656
6,154,15.4,5,0,10,14,9,13,9,13,9,13,12,14,10,14,11,14,0.4862200222717425,0.9579943936111122,23.252706885739244,0,0,0,0,0,0,19.28,24.76,0.9739464285714285,0.4952,1.3242356285797479,0.14966629547095714,0.005317344986772118,0.0029933259094191557,5,24.8,0.9774437830687831,0.496,18.8,30,809132025421,50,109.68587613105774,24.6,0.966984126984127,0.492,19.2,31,990676108683,50,112.9333508014679,24.8,0.9716666666666668,0.496,20.0,32,125914321520,50,114.5927734375,24.6,0.9822486772486771,0.492,21.2,33,633356605068,50,102.89970660209656,25.0,0.9713888888888889,0.5,17.2,34,293597788666,50,106.93469524383545,547.0464022159576,114.76895427703857
7,103,10.3,5,0,11,14,12,13,12,14,12,14,11,13,10,11,10,14,0.2653623531673774,0.9257884031001811,13.034995652170625,0,0,0,0,0,0,10.16,13.88,0.9597572751322749,0.2776,0.9583318840568751,0.20396078054371114,0.01132295734403127,0.004079215610874214,5,14.0,0.9780853174603173,0.28,9.6,35,809132025421,50,104.85163593292236,13.8,0.944054232804233,0.276,9.2,36,990676108683,50,133.36866354942322,13.8,0.9537003968253966,0.276,11.0,37,125914321520,50,122.48596858978271,13.6,0.9642989417989416,0.272,11.6,38,633356605068,50,127.4378809928894,14.2,0.9586474867724866,0.284,9.4,39,293597788666,50,113.6162736415863,601.760422706604,133.37560987472534
8,75,7.5,5,0,10,14,11,12,10,12,11,12,10,12,10,11,12,13,0.19280000000000003,0.908547223367812,10.280588171701112,0,0,0,0,0,0,7.56,10.120000000000001,0.9357638888888887,0.2024,0.9068627239003707,0.16000000000000006,0.00907222184035892,0.0031999999999999906,5,10.0,0.9315476190476188,0.2,6.4,40,809132025421,50,150.43437337875366,10.2,0.9492757936507934,0.204,6.8,41,990676108683,50,131.5412027835846,10.0,0.9347619047619046,0.2,7.8,42,125914321520,50,144.60912132263184,10.0,0.9222420634920633,0.2,7.8,43,633356605068,50,151.49527955055237,10.4,0.9409920634920634,0.208,9.0,44,293597788666,50,126.99961686134338,705.0795938968658,151.67681980133057
9,135,13.5,5,0,11,14,10,11,10,14,9,12,11,12,12,13,10,14,0.3277212246173204,0.9384815969223717,15.436469060351126,0,0,0,0,0,0,11.36,16.68,0.9737619047619045,0.3336,1.3588230201170421,0.09797958971132678,0.011760102613177633,0.001959591794226544,5,16.6,0.9528108465608465,0.332,9.6,45,809132025421,50,127.32661867141724,16.8,0.9891997354497354,0.336,12.2,46,990676108683,50,91.81739354133606,16.6,0.9744411375661374,0.332,11.8,47,125914321520,50,102.37251591682434,16.6,0.9751587301587301,0.332,13.2,48,633356605068,50,113.92997336387634,16.8,0.977199074074074,0.336,10.0,49,293597788666,50,102.18169832229614,537.6281998157501,127.33329272270203
10,116,11.6,5,0,10,13,11,13,10,13,12,14,10,12,11,13,12,13,0.29085465861987597,0.9346249377231882,14.384558064090228,12,13,0,0,0,0,12.319999999999999,15.2,0.9661805555555555,0.304,0.6881860213634098,0.2190890230020663,0.010518539277455746,0.004381780460041333,5,15.0,0.9495370370370368,0.3,13.2,50,809132025421,50,135.88292026519775,15.0,0.9633159722222222,0.3,13.0,51,990676108683,50,111.49943399429321,15.6,0.9818113425925925,0.312,11.8,52,125914321520,50,86.29772019386292,15.2,0.9709606481481481,0.304,11.4,53,633356605068,50,107.79208874702454,15.2,0.9652777777777777,0.304,12.2,54,293597788666,50,112.90651440620422,554.3786776065826,135.89054775238037
11,11,1.1,5,0,10,14,11,14,10,11,9,13,11,12,11,14,9,10,0.09517501219512484,0.8738635256919624,7.943331864904267,0,0,0,0,0,0,4.159999999999999,6.04,0.9378022486772485,0.12079999999999999,1.2611106216347558,0.4270831300812523,0.02131290766176203,0.00854166260162505,5,5.4,0.8953935185185184,0.108,6.2,55,809132025421,50,293.75274658203125,6.4,0.947113095238095,0.128,2.4,56,990676108683,50,185.21342015266418,6.6,0.951517857142857,0.132,4.4,57,125914321520,50,207.4663553237915,6.0,0.9497354497354497,0.12,4.4,58,633356605068,50,192.79596853256226,5.8,0.9452513227513226,0.116,3.4,59,293597788666,50,229.04803252220154,1108.2765231132507,293.75974345207214
12,116,11.6,5,1,10,13,11,13,10,13,11,12,11,13,12,13,9,10,0.23080571545237125,0.8987756779364019,12.27044397739075,0,0,0,0,0,0,9.680000000000001,12.239999999999998,0.957547619047619,0.2448,0.8634813257969163,0.23323807579381198,0.01959064703707235,0.004664761515876245,5,12.4,0.9707605820105819,0.248,9.8,60,809132025421,50,109.31800699234009,12.0,0.9331349206349205,0.24,10.8,61,990676108683,50,149.67189192771912,12.0,0.9347288359788358,0.24,8.8,62,125914321520,50,148.33376455307007,12.2,0.9696031746031746,0.244,10.4,63,633356605068,50,115.3663399219513,12.6,0.979510582010582,0.252,8.6,64,293597788666,50,100.98449730873108,623.6745007038116,149.8160216808319
13,165,16.5,5,1,9,13,10,13,9,12,11,14,11,13,11,13,12,14,0.4117212246173204,0.9472099139832666,23.445879528688106,12,14,0,0,0,0,17.32,20.88,0.9641863425925926,0.4176,2.0419598428960355,0.09797958971132678,0.005658809536442019,0.001959591794226544,5,20.8,0.9665798611111112,0.416,20.8,65,809132025421,50,124.31122088432312,20.8,0.9717968749999999,0.416,16.2,66,990676108683,50,115.83710074424744,21.0,0.9659953703703703,0.42,14.6,67,125914321520,50,127.99554657936096,21.0,0.9617013888888888,0.42,17.4,68,633356605068,50,125.12029600143433,20.8,0.9548582175925926,0.416,17.6,69,293597788666,50,138.16737294197083,631.4315371513367,138.34726452827454
14,103,10.3,5,1,11,14,12,13,12,14,12,14,11,13,10,11,10,13,0.24880000000000002,0.9208581216484909,13.426333320311482,0,0,0,0,0,0,9.16,12.919999999999998,0.9603042328042328,0.2584,1.4221111067704941,0.15999999999999942,0.013148703718580654,0.003200000000000003,5,13.2,0.9823544973544972,0.264,8.8,70,809132025421,50,95.46699571609497,12.8,0.9454695767195768,0.256,7.2,71,990676108683,50,130.18227887153625,12.8,0.9528968253968253,0.256,9.4,72,125914321520,50,128.69340586662292,12.8,0.9675859788359789,0.256,11.6,73,633356605068,50,121.17487525939941,13.0,0.9532142857142857,0.26,8.8,74,293597788666,50,127.54614758491516,603.0637032985687,130.3625738620758
15,48,4.8,5,1,11,14,9,12,11,12,10,11,9,12,12,14,9,13,0.2815636738519611,0.9363896476755964,15.135939698111775,9,12,0,0,0,0,10.36,14.959999999999999,0.9605162037037036,0.2992,1.591979899370592,0.29393876913398126,0.008042185342702393,0.005878775382679633,5,15.4,0.9678472222222222,0.308,8.8,75,809132025421,50,142.83701419830322,14.6,0.9550086805555554,0.292,8.2,76,990676108683,50,158.8255558013916,14.8,0.9475520833333333,0.296,10.8,77,125914321520,50,186.28952479362488,14.8,0.9639438657407406,0.296,12.0,78,633356605068,50,161.3787088394165,15.2,0.9682291666666667,0.304,12.0,79,293597788666,50,153.39384293556213,802.7246465682983,186.41643047332764
16,135,13.5,5,1,9,13,11,12,9,10,9,11,10,11,12,13,0,0,0.178854658619876,0.900168893622265,10.37551839190013,0,0,0,0,0,0,7.12,9.600000000000001,0.9596018518518517,0.192,1.085172797300043,0.21908902300206695,0.019810986076528866,0.004381780460041333,5,9.2,0.9276041666666663,0.184,5.8,80,809132025421,50,146.07879638671875,9.8,0.9539583333333331,0.196,5.8,81,990676108683,50,105.79818439483643,9.6,0.9595023148148146,0.192,8.0,82,125914321520,50,116.76799368858337,9.8,0.9883333333333333,0.196,7.8,83,633356605068,50,82.54420685768127,9.6,0.968611111111111,0.192,8.2,84,293597788666,50,101.64132499694824,552.8305063247681,146.0850682258606
17,74,7.4,5,1,11,14,9,10,10,13,9,12,11,12,12,13,10,14,0.2524400445434851,0.8996488404629887,14.435786553761645,0,0,0,0,0,0,11.4,13.52,0.9495912698412697,0.27040000000000003,1.011928851253881,0.2993325909419156,0.01664747645942701,0.005986651818838312,5,13.2,0.9340641534391533,0.264,11.6,85,809132025421,50,172.91110920906067,13.6,0.9692824074074072,0.272,13.2,86,990676108683,50,130.74620938301086,13.2,0.9260152116402115,0.264,10.8,87,125914321520,50,170.93621587753296,13.6,0.9618088624338623,0.272,11.2,88,633356605068,50,130.00702381134033,14.0,0.9567857142857142,0.28,10.2,89,293597788666,50,128.06033968925476,732.6608979701996,172.91766214370728
18,108,10.8,5,1,9,11,9,12,11,12,10,14,12,13,10,12,9,13,0.43600000000000005,0.9433685792512616,18.640000000000004,11,13,11,13,9,12,15.520000000000001,22.28,0.964513425925926,0.44560000000000005,1.0400000000000005,0.15999999999999942,0.007048282224888135,0.0032000000000000028,5,22.4,0.9719143518518518,0.448,16.2,90,809132025421,50,150.4419481754303,22.2,0.9656620370370369,0.444,15.4,91,990676108683,50,150.3239233493805,22.4,0.9589837962962964,0.448,16.6,92,125914321520,50,150.9939455986023,22.4,0.9718680555555557,0.448,13.6,93,633356605068,50,148.56687927246094,22.0,0.9541388888888888,0.44,15.8,94,293597788666,50,179.11109375953674,779.4377901554108,179.13673496246338
19,164,16.4,5,1,9,13,12,13,9,11,11,12,12,13,12,14,12,14,0.2925212246173204,0.9289634824096704,16.773851108284607,12,14,0,0,0,0,11.28,14.919999999999998,0.9538871527777776,0.2984,1.8312837027615354,0.09797958971132678,0.008307890122702373,0.001959591794226544,5,14.8,0.9439930555555553,0.296,9.6,95,809132025421,50,145.12384605407715,15.0,0.9685243055555555,0.3,11.8,96,990676108683,50,104.26415610313416,15.0,0.9554687499999999,0.3,9.8,97,125914321520,50,126.8768994808197,14.8,0.9484374999999998,0.296,14.6,98,633356605068,50,142.37859797477722,15.0,0.9530121527777777,0.3,10.6,99,293597788666,50,122.63412380218506,641.2776234149933,145.44304394721985
20,99,9.9,5,1,11,14,10,11,11,14,11,12,12,13,10,14,0,0,0.21053374741600203,0.8856433596776595,11.539230642754152,0,0,0,0,0,0,9.2,11.6,0.9453510802469136,0.23199999999999998,0.7797435475847172,0.3577708763999663,0.0199025735230847,0.00715541752799932,5,11.2,0.9264969135802468,0.224,9.4,100,809132025421,50,142.2241563796997,11.8,0.944699074074074,0.236,8.4,101,990676108683,50,124.96300935745239,12.2,0.9834529320987654,0.244,8.2,102,125914321520,50,84.22359991073608,11.4,0.9361111111111112,0.228,10.2,103,633356605068,50,133.90358877182007,11.4,0.9359953703703704,0.228,9.8,104,293597788666,50,140.4404628276825,625.7548172473907,142.23241782188416
21,138,13.8,5,1,11,14,11,12,10,12,10,12,12,14,11,12,10,11,0.3085212246173204,0.9537662136267605,15.787891949879434,10,14,0,0,0,0,12.16,15.719999999999999,0.9660341435185185,0.3144,1.2092973166264778,0.09797958971132764,0.0040893099639193265,0.001959591794226544,5,15.6,0.9719502314814814,0.312,11.4,105,809132025421,50,110.95328712463379,15.6,0.9636313657407406,0.312,14.0,106,990676108683,50,117.0240695476532,15.8,0.9598958333333333,0.316,11.0,107,125914321520,50,122.55640530586243,15.8,0.9664207175925925,0.316,11.2,108,633356605068,50,113.7250669002533,15.8,0.9682725694444443,0.316,13.2,109,293597788666,50,107.48995542526245,571.7487843036652,122.7274763584137
22,194,19.4,5,1,12,14,9,10,9,11,10,14,11,13,12,14,12,13,0.35572122461732036,0.9273067137323171,17.705692783988447,9,12,12,13,0,0,12.959999999999999,18.080000000000002,0.9456322016460904,0.3616,1.5818975946628153,0.09797958971132678,0.006108495971257759,0.001959591794226544,5,18.2,0.9482458847736626,0.364,12.6,20,809132025421,50,146.91259574890137,18.0,0.9399614197530863,0.36,16.0,21,990676108683,50,159.19589400291443,18.0,0.9368595679012345,0.36,12.2,22,125914321520,50,177.05276608467102,18.0,0.9521167695473248,0.36,12.6,23,633356605068,50,144.31228184700012,18.2,0.950977366255144,0.364,11.4,24,293597788666,50,143.4969403743744,770.9704780578613,0.002176046371459961
23,116,11.6,5,1,10,13,11,13,10,13,12,14,10,12,11,13,12,13,0.29085465861987597,0.9346249377231882,14.384558064090228,12,13,0,0,0,0,12.319999999999999,15.2,0.9661805555555555,0.304,0.6881860213634098,0.2190890230020663,0.010518539277455746,0.004381780460041333,5,15.0,0.9495370370370368,0.3,13.2,50,809132025421,50,135.88292026519775,15.0,0.9633159722222222,0.3,13.0,51,990676108683,50,111.49943399429321,15.6,0.9818113425925925,0.312,11.8,52,125914321520,50,86.29772019386292,15.2,0.9709606481481481,0.304,11.4,53,633356605068,50,107.79208874702454,15.2,0.9652777777777777,0.304,12.2,54,293597788666,50,112.90651440620422,554.3786776065826,0.0019903182983398438
24,14,1.4,5,2,11,12,12,14,12,14,10,14,9,11,0,0,0,0,0.08441053361559588,0.8995650805483626,7.061203998741758,0,0,0,0,0,0,3.2399999999999998,4.6,0.9467416666666667,0.092,1.2737346662472526,0.126491106406735,0.01572552870610135,0.0025298221281347057,5,4.6,0.970722222222222,0.092,4.2,110,809132025421,50,116.46167731285095,4.6,0.9227777777777778,0.092,1.4,111,990676108683,50,172.79268431663513,4.4,0.9392222222222222,0.088,4.4,112,125914321520,50,148.70566153526306,4.8,0.9515972222222221,0.096,4.2,113,633356605068,50,141.43363189697266,4.6,0.9493888888888888,0.092,2.0,114,293597788666,50,133.18055152893066,712.5742065906525,172.9013421535492
25,74,7.4,5,2,11,13,9,10,10,13,9,12,9,10,12,13,10,14,0.23192015936318217,0.8884497982839654,14.55099154664251,0,0,0,0,0,0,9.76,12.6,0.9458121693121692,0.252,1.5969971822141706,0.3346640106136307,0.019120790342734593,0.006693280212272611,5,12.2,0.925839947089947,0.244,8.8,115,809132025421,50,185.05449533462524,12.8,0.9693551587301587,0.256,7.6,116,990676108683,50,132.39265251159668,12.2,0.9210085978835979,0.244,9.2,117,125914321520,50,185.73545145988464,12.8,0.960565476190476,0.256,11.4,118,633356605068,50,131.01369714736938,13.0,0.9522916666666665,0.26,11.8,119,293597788666,50,135.66411972045898,769.8604161739349,185.77147364616394
26,99,9.9,5,2,11,14,10,11,11,14,11,12,12,13,10,14,0,0,0.21053374741600203,0.8856433596776595,11.539230642754152,0,0,0,0,0,0,9.2,11.6,0.9453510802469136,0.23199999999999998,0.7797435475847172,0.3577708763999663,0.0199025735230847,0.00715541752799932,5,11.2,0.9264969135802468,0.224,9.4,100,809132025421,50,142.2241563796997,11.8,0.944699074074074,0.236,8.4,101,990676108683,50,124.96300935745239,12.2,0.9834529320987654,0.244,8.2,102,125914321520,50,84.22359991073608,11.4,0.9361111111111112,0.228,10.2,103,633356605068,50,133.90358877182007,11.4,0.9359953703703704,0.228,9.8,104,293597788666,50,140.4404628276825,625.7548172473907,0.0023598670959472656
27,99,9.9,5,2,11,14,10,11,11,14,11,12,12,13,10,14,0,0,0.21053374741600203,0.8856433596776595,11.539230642754152,0,0,0,0,0,0,9.2,11.6,0.9453510802469136,0.23199999999999998,0.7797435475847172,0.3577708763999663,0.0199025735230847,0.00715541752799932,5,11.2,0.9264969135802468,0.224,9.4,100,809132025421,50,142.2241563796997,11.8,0.944699074074074,0.236,8.4,101,990676108683,50,124.96300935745239,12.2,0.9834529320987654,0.244,8.2,102,125914321520,50,84.22359991073608,11.4,0.9361111111111112,0.228,10.2,103,633356605068,50,133.90358877182007,11.4,0.9359953703703704,0.228,9.8,104,293597788666,50,140.4404628276825,625.7548172473907,0.0019834041595458984
28,11,1.1,5,2,10,14,11,14,10,11,9,13,11,13,11,14,9,10,0.10153113668440161,0.8415447486610727,7.671991091302983,0,0,0,0,0,0,4.08,6.24,0.9427387566137565,0.1248,1.197330363767661,0.38781438859330636,0.03373133598422795,0.007756287771866129,5,5.6,0.8852248677248676,0.112,3.4,120,809132025421,50,324.3388524055481,6.6,0.957929894179894,0.132,2.2,121,990676108683,50,183.16946578025818,6.4,0.9691931216931217,0.128,5.6,122,125914321520,50,173.07334995269775,6.6,0.9764087301587301,0.132,5.0,123,633356605068,50,153.4269871711731,6.0,0.9249371693121693,0.12,4.2,124,293597788666,50,279.9648952484131,1113.9735505580902,324.3471140861511
29,13,1.3,5,2,11,12,12,14,12,14,12,13,9,13,9,12,10,11,0.0913433156108103,0.9203228189267052,5.734941859591651,0,0,0,0,0,0,3.8,5.6800000000000015,0.9435317460317458,0.11359999999999999,0.6449806198638838,0.37094473981982823,0.007736309035013549,0.007418894796396564,5,5.4,0.9346759259259259,0.108,4.0,0,809132025421,50,148.44477558135986,5.4,0.9400496031746031,0.108,3.0,1,990676108683,50,190.92228245735168,6.4,0.9499867724867722,0.128,3.2,2,125914321520,50,162.98002910614014,5.6,0.9551256613756612,0.112,4.0,3,633356605068,50,158.08363318443298,5.6,0.937820767195767,0.112,4.8,4,293597788666,50,178.60414814949036,839.034868478775,0.002383708953857422
30,116,11.6,5,2,10,13,11,13,10,12,11,12,10,12,9,10,9,10,0.20932240804049937,0.8938042825716342,12.272446101251616,0,0,0,0,0,0,8.04,11.28,0.956137566137566,0.22560000000000002,1.4108153670838721,0.2712931993250106,0.020777761188643915,0.005425863986500219,5,11.6,0.9787301587301585,0.232,7.6,125,809132025421,50,98.47184467315674,11.0,0.9288029100529098,0.22,6.8,126,990676108683,50,160.3336353302002,11.0,0.9333333333333332,0.22,7.4,127,125914321520,50,152.18282318115234,11.2,0.9690343915343914,0.224,10.8,128,633356605068,50,123.5681049823761,11.6,0.970787037037037,0.232,7.6,129,293597788666,50,110.56241035461426,645.1188185214996,160.50372004508972
31,103,10.3,5,2,11,14,11,12,12,14,12,14,11,12,12,13,11,14,0.2284105336155959,0.901990090622104,10.185668438918967,0,0,0,0,0,0,7.959999999999999,11.8,0.9469285714285715,0.236,0.7418894796396562,0.12649110640673528,0.014979493602155804,0.002529822128134697,5,11.8,0.9595833333333331,0.236,8.6,130,809132025421,50,114.70215392112732,11.6,0.9229431216931216,0.232,7.8,131,990676108683,50,143.36517333984375,12.0,0.9559457671957672,0.24,8.2,132,125914321520,50,109.46234774589539,11.8,0.9603835978835978,0.236,6.6,133,633356605068,50,111.63960313796997,11.8,0.935787037037037,0.236,8.6,134,293597788666,50,142.17542672157288,621.3447048664093,143.5220227241516
32,13,1.3,5,2,11,12,12,14,12,14,12,13,9,13,9,12,10,11,0.0913433156108103,0.9203228189267052,5.734941859591651,0,0,0,0,0,0,3.8,5.6800000000000015,0.9435317460317458,0.11359999999999999,0.6449806198638838,0.37094473981982823,0.007736309035013549,0.007418894796396564,5,5.4,0.9346759259259259,0.108,4.0,0,809132025421,50,148.44477558135986,5.4,0.9400496031746031,0.108,3.0,1,990676108683,50,190.92228245735168,6.4,0.9499867724867722,0.128,3.2,2,125914321520,50,162.98002910614014,5.6,0.9551256613756612,0.112,4.0,3,633356605068,50,158.08363318443298,5.6,0.937820767195767,0.112,4.8,4,293597788666,50,178.60414814949036,839.034868478775,0.0020744800567626953
33,13,1.3,5,2,11,12,12,14,12,14,12,13,9,13,9,12,10,11,0.0913433156108103,0.9203228189267052,5.734941859591651,0,0,0,0,0,0,3.8,5.6800000000000015,0.9435317460317458,0.11359999999999999,0.6449806198638838,0.37094473981982823,0.007736309035013549,0.007418894796396564,5,5.4,0.9346759259259259,0.108,4.0,0,809132025421,50,148.44477558135986,5.4,0.9400496031746031,0.108,3.0,1,990676108683,50,190.92228245735168,6.4,0.9499867724867722,0.128,3.2,2,125914321520,50,162.98002910614014,5.6,0.9551256613756612,0.112,4.0,3,633356605068,50,158.08363318443298,5.6,0.937820767195767,0.112,4.8,4,293597788666,50,178.60414814949036,839.034868478775,0.0019578933715820312
34,116,11.6,5,2,10,12,11,13,10,12,11,12,11,13,9,10,0,0,0.184,0.9252638473777306,12.907927781391347,0,0,0,0,0,0,7.4799999999999995,9.2,0.9536620370370368,0.184,1.8093092604637824,0.0,0.009466063219768726,0.0,5,9.2,0.9617824074074072,0.184,7.6,135,809132025421,50,118.56147813796997,9.2,0.9382175925925923,0.184,5.4,136,990676108683,50,145.46575355529785,9.2,0.9470601851851851,0.184,6.0,137,125914321520,50,142.5431661605835,9.2,0.9618518518518516,0.184,10.6,138,633356605068,50,124.67135548591614,9.2,0.9593981481481478,0.184,7.8,139,293597788666,50,123.98811960220337,655.2298729419708,145.60926580429077
35,13,1.3,5,2,11,12,11,13,11,14,9,10,9,13,9,12,10,11,0.0985544193590977,0.902625545172293,4.84,0,0,0,0,0,0,4.12,5.959999999999999,0.9427242063492063,0.1192,0.23999999999999985,0.34409301068170506,0.013366220392304434,0.006881860213634102,5,5.8,0.9568154761904761,0.116,4.0,140,809132025421,50,170.55865740776062,5.8,0.9389087301587301,0.116,4.0,141,990676108683,50,206.74638080596924,6.6,0.9509788359788357,0.132,4.0,142,125914321520,50,182.28150153160095,6.0,0.9482969576719577,0.12,4.6,143,633356605068,50,187.55894684791565,5.6,0.9186210317460317,0.112,4.0,144,293597788666,50,245.3195195198059,992.4650061130524,245.3408133983612
36,13,1.3,5,3,11,12,12,14,12,14,12,13,9,13,9,12,10,11,0.0913433156108103,0.9203228189267052,5.734941859591651,0,0,0,0,0,0,3.8,5.6800000000000015,0.9435317460317458,0.11359999999999999,0.6449806198638838,0.37094473981982823,0.007736309035013549,0.007418894796396564,5,5.4,0.9346759259259259,0.108,4.0,0,809132025421,50,148.44477558135986,5.4,0.9400496031746031,0.108,3.0,1,990676108683,50,190.92228245735168,6.4,0.9499867724867722,0.128,3.2,2,125914321520,50,162.98002910614014,5.6,0.9551256613756612,0.112,4.0,3,633356605068,50,158.08363318443298,5.6,0.937820767195767,0.112,4.8,4,293597788666,50,178.60414814949036,839.034868478775,0.0023224353790283203
37,13,1.3,5,3,11,12,12,14,12,14,12,13,9,13,9,12,10,11,0.0913433156108103,0.9203228189267052,5.734941859591651,0,0,0,0,0,0,3.8,5.6800000000000015,0.9435317460317458,0.11359999999999999,0.6449806198638838,0.37094473981982823,0.007736309035013549,0.007418894796396564,5,5.4,0.9346759259259259,0.108,4.0,0,809132025421,50,148.44477558135986,5.4,0.9400496031746031,0.108,3.0,1,990676108683,50,190.92228245735168,6.4,0.9499867724867722,0.128,3.2,2,125914321520,50,162.98002910614014,5.6,0.9551256613756612,0.112,4.0,3,633356605068,50,158.08363318443298,5.6,0.937820767195767,0.112,4.8,4,293597788666,50,178.60414814949036,839.034868478775,0.001981496810913086
38,11,1.1,5,3,10,14,11,14,10,11,9,13,11,12,12,14,9,10,0.08867728507100477,0.901177312328893,8.151294049786806,0,0,0,0,0,0,4.48,5.4799999999999995,0.9470310846560845,0.1096,1.2237646832622684,0.3487119154832537,0.015284590775730515,0.006974238309665079,5,5.2,0.923611111111111,0.104,6.2,145,809132025421,50,220.87978553771973,5.2,0.939642857142857,0.104,2.6,146,990676108683,50,202.9274821281433,5.8,0.9683862433862434,0.116,3.8,147,125914321520,50,172.01058340072632,6.0,0.9460879629629628,0.12,4.6,148,633356605068,50,192.25475239753723,5.2,0.9574272486772486,0.104,5.2,149,293597788666,50,185.902090549469,973.9746940135956,220.88907313346863
39,11,1.1,5,3,10,14,11,14,10,11,9,13,11,12,11,14,9,10,0.09517501219512484,0.8738635256919624,7.943331864904267,0,0,0,0,0,0,4.159999999999999,6.04,0.9378022486772485,0.12079999999999999,1.2611106216347558,0.4270831300812523,0.02131290766176203,0.00854166260162505,5,5.4,0.8953935185185184,0.108,6.2,55,809132025421,50,293.75274658203125,6.4,0.947113095238095,0.128,2.4,56,990676108683,50,185.21342015266418,6.6,0.951517857142857,0.132,4.4,57,125914321520,50,207.4663553237915,6.0,0.9497354497354497,0.12,4.4,58,633356605068,50,192.79596853256226,5.8,0.9452513227513226,0.116,3.4,59,293597788666,50,229.04803252220154,1108.2765231132507,0.002422332763671875
40,14,1.4,5,3,11,12,12,14,12,14,10,14,9,12,0,0,0,0,0.08212240804049936,0.8976258421314278,4.9239955654047485,0,0,0,0,0,0,3.12,4.92,0.9446342592592594,0.0984,0.6013318551349163,0.271293199325011,0.015669472375943846,0.0054258639865002135,5,4.6,0.9639583333333333,0.092,3.8,150,809132025421,50,122.88403916358948,5.0,0.9347962962962961,0.1,2.4,151,990676108683,50,151.23665523529053,4.6,0.9197777777777777,0.092,3.4,152,125914321520,50,176.41286969184875,5.2,0.9555972222222222,0.104,2.4,153,633356605068,50,134.83881449699402,5.2,0.9490416666666667,0.104,3.6,154,293597788666,50,130.58333277702332,715.9557113647461,176.42298769950867
41,11,1.1,5,3,11,12,12,14,12,14,12,13,9,13,9,10,10,11,0.060880201006294085,0.8936002241313049,5.923997146931502,0,0,0,0,0,0,3.12,3.84,0.9308154761904761,0.07680000000000001,0.9346657156438338,0.2653299832284321,0.012405084019723739,0.00530659966456864,5,3.4,0.9121230158730158,0.068,4.8,155,809132025421,50,204.45064783096313,3.8,0.941378968253968,0.076,2.0,156,990676108683,50,169.6673345565796,4.2,0.9208531746031745,0.084,3.2,157,125914321520,50,211.19676899909973,4.0,0.9446329365079362,0.08,2.6,158,633356605068,50,174.59429144859314,3.8,0.9350892857142855,0.076,3.0,159,293597788666,50,187.79741621017456,947.7064590454102,211.33547925949097
42,13,1.3,5,3,10,14,12,14,11,12,9,13,10,13,9,12,9,10,0.11101678324962194,0.9279972703332686,7.99756006809944,0,0,0,0,0,0,4.720000000000001,7.040000000000001,0.949651455026455,0.14079999999999998,1.092520022699813,0.49638694583963416,0.0072180615643954475,0.009927738916792682,5,7.2,0.9565575396825395,0.144,5.6,160,809132025421,50,183.72227907180786,7.6,0.9469212962962963,0.152,4.2,161,990676108683,50,186.74229264259338,7.4,0.9562962962962962,0.148,5.4,162,125914321520,50,204.26404690742493,6.2,0.9370767195767196,0.124,5.6,163,633356605068,50,234.7585744857788,6.8,0.9514054232804232,0.136,2.8,164,293597788666,50,208.76568460464478,1018.2528777122498,234.771639585495
43,11,1.1,5,3,11,13,10,14,9,13,11,13,10,11,0,0,0,0,0.06569048766163119,0.9141796277662906,6.513326460473795,0,0,0,0,0,0,3.28,4.5200000000000005,0.9532888888888887,0.0904,1.0777754868245983,0.41182520563948005,0.013036420374199375,0.008236504112789603,5,3.8,0.9427083333333333,0.076,4.4,165,809132025421,50,179.76281118392944,5.0,0.9400277777777777,0.1,3.2,166,990676108683,50,163.8995475769043,4.6,0.9737638888888889,0.092,4.6,167,125914321520,50,140.03505659103394,4.8,0.96325,0.096,2.2,168,633356605068,50,135.69641780853271,4.4,0.9466944444444444,0.088,2.0,169,293597788666,50,163.81472945213318,783.2085626125336,179.77230620384216
44,10,1.0,5,3,10,11,11,14,9,10,9,13,11,12,9,13,10,12,0.06645718456727978,0.894335823632695,5.387759195950065,9,10,0,0,0,0,3.7600000000000002,5.279999999999999,0.9445758101851849,0.1056,0.5425863986500216,0.6523802572120038,0.016746662184163284,0.013047605144240073,5,5.0,0.969175347222222,0.1,4.2,170,809132025421,50,184.95741891860962,4.8,0.9495052083333331,0.096,3.2,171,990676108683,50,253.03728699684143,5.6,0.9255092592592591,0.112,4.2,172,125914321520,50,253.27883100509644,6.4,0.9526591435185183,0.128,4.2,173,633356605068,50,195.41521954536438,4.6,0.9260300925925924,0.092,3.0,174,293597788666,50,265.71618032455444,1152.4049367904663,265.7335512638092
45,13,1.3,5,3,11,14,11,13,12,14,12,13,10,13,9,10,0,0,0.08841053361559588,0.8945435865989718,6.425673562138533,0,0,0,0,0,0,3.9200000000000004,4.8,0.9421388888888889,0.096,0.835224520712844,0.12649110640673528,0.01586510076330567,0.0025298221281347057,5,4.8,0.9363811728395061,0.096,2.6,175,809132025421,50,199.81761574745178,4.6,0.9592592592592591,0.092,4.4,176,990676108683,50,160.75504517555237,5.0,0.9140586419753086,0.1,5.0,177,125914321520,50,228.24818921089172,4.8,0.9490817901234566,0.096,3.4,178,633356605068,50,169.41203045845032,4.8,0.9519135802469135,0.096,4.2,179,293597788666,50,157.71033191680908,915.9432125091553,228.46759033203125
46,13,1.3,5,3,9,10,11,13,11,12,9,13,9,10,0,0,0,0,0.05726687370800103,0.9107557180179652,3.6948846085563156,0,0,0,0,0,0,2.72,3.4,0.9454027777777776,0.068,0.32496153618543844,0.17888543819998315,0.011549019919937469,0.00357770876399966,5,3.2,0.942347222222222,0.064,2.6,180,809132025421,50,149.9868984222412,3.2,0.9379861111111107,0.064,2.8,181,990676108683,50,151.2363429069519,3.6,0.9375555555555556,0.072,3.2,182,125914321520,50,135.9536211490631,3.4,0.9682222222222222,0.068,2.8,183,633356605068,50,121.16650295257568,3.6,0.9409027777777776,0.072,2.2,184,293597788666,50,148.97477221488953,707.3181376457214,151.25061440467834
47,10,1.0,5,3,11,14,11,14,10,14,11,14,11,12,10,13,10,12,0.12120571545237128,0.9119619884199731,7.152526894158411,10,11,0,0,0,0,4.48,6.76,0.9429079861111112,0.13520000000000001,0.8908422980528035,0.23323807579381195,0.010315332563712672,0.004664761515876244,5,6.8,0.9619415509259258,0.136,6.0,185,809132025421,50,223.98726987838745,6.4,0.9329108796296296,0.128,3.4,186,990676108683,50,291.8814127445221,7.0,0.9414612268518517,0.14,4.6,187,125914321520,50,242.5111701488495,7.0,0.9435243055555554,0.14,4.6,188,633356605068,50,271.39741826057434,6.6,0.9347019675925925,0.132,3.8,189,293597788666,50,264.2103924751282,1293.9876635074615,292.0562126636505
48,13,1.3,5,4,10,14,11,14,10,11,9,13,9,10,9,13,11,14,0.15982002227174258,0.952978871086782,7.329160837518903,9,10,0,0,0,0,5.840000000000001,8.440000000000001,0.9608767361111109,0.1688,0.49638694583963416,0.1496662954709577,0.0026326216747762986,0.002993325909419144,5,8.4,0.9570341435185183,0.168,5.6,190,809132025421,50,217.14941501617432,8.2,0.958460648148148,0.164,5.6,191,990676108683,50,206.69303441047668,8.6,0.9626244212962962,0.172,5.4,192,125914321520,50,199.65157961845398,8.4,0.9624913194444444,0.168,6.8,193,633356605068,50,205.0795226097107,8.6,0.9637731481481481,0.172,5.8,194,293597788666,50,193.20543551445007,1021.7789871692657,217.15716767311096
49,10,1.0,5,4,11,13,11,14,11,12,9,12,10,11,0,0,0,0,0.041563673851961115,0.8612666518192752,4.865668438918968,0,0,0,0,0,0,2.6399999999999997,2.96,0.9290574074074073,0.059199999999999996,0.7418894796396563,0.2939387691339814,0.02259691852937735,0.005878775382679627,5,2.4,0.9658333333333331,0.048,3.4,195,809132025421,50,122.24559378623962,3.2,0.9449259259259257,0.064,1.4,196,990676108683,50,165.45785236358643,3.0,0.9153148148148148,0.06,3.0,197,125914321520,50,199.7393536567688,3.2,0.9083240740740738,0.064,3.2,198,633356605068,50,207.42684721946716,3.0,0.9108888888888889,0.06,2.2,199,293597788666,50,209.34156608581543,904.2112131118774,209.5368251800537
50,15,1.5,5,4,10,11,11,14,9,10,9,13,11,12,9,10,10,12,0.10392015936318218,0.8962309884526686,6.264960732715197,9,10,0,0,0,0,3.4,6.2,0.9323339120370369,0.124,0.9549869109050659,0.3346640106136301,0.012034307861456104,0.006693280212272607,5,6.0,0.9340277777777776,0.12,4.0,200,809132025421,50,205.6142394542694,5.8,0.9182407407407405,0.116,1.8,201,990676108683,50,204.16743087768555,6.6,0.9358449074074072,0.132,2.8,202,125914321520,50,209.44501757621765,6.6,0.9521209490740739,0.132,4.2,203,633356605068,50,182.58298134803772,6.0,0.921435185185185,0.12,4.2,204,293597788666,50,242.72638988494873,1044.536059141159,242.75907945632935
51,111,11.1,5,4,10,12,11,13,9,10,10,14,9,10,9,10,0,0,0.1848802010062941,0.8593980162365349,10.249573347776089,0,0,0,0,0,0,7.32,10.040000000000001,0.9417569444444442,0.2008,0.976524449258696,0.26532998322843215,0.027452976069303126,0.005306599664568634,5,9.6,0.9032175925925925,0.192,7.0,205,809132025421,50,173.79227685928345,10.0,0.921134259259259,0.2,9.2,206,990676108683,50,156.26981806755066,10.4,0.9763078703703703,0.208,6.4,207,125914321520,50,111.16060876846313,10.0,0.9406249999999999,0.2,6.8,208,633356605068,50,133.11227250099182,10.2,0.9674999999999999,0.204,7.2,209,293597788666,50,120.65217638015747,694.9871525764465,173.80314874649048
52,12,1.2,5,4,9,10,10,12,11,12,9,13,9,10,0,0,0,0,0.03866006681522763,0.8721568732543297,5.080689552697646,0,0,0,0,0,0,2.7600000000000002,3.28,0.9422694444444442,0.0656,0.7735631842325487,0.44899888641287306,0.023370857063371515,0.00897997772825746,5,2.8,0.9160277777777777,0.056,4.2,210,809132025421,50,157.91346836090088,2.8,0.9415138888888887,0.056,2.8,211,990676108683,50,151.86017441749573,3.4,0.9224305555555553,0.068,2.6,212,125914321520,50,156.66588497161865,4.0,0.9822916666666665,0.08,2.2,213,633356605068,50,108.44165420532227,3.4,0.9490833333333331,0.068,2.0,214,293597788666,50,139.43603038787842,714.3172123432159,157.9223291873932
53,11,1.1,5,4,10,11,12,14,12,14,12,13,9,13,10,11,0,0,0.056821067231191784,0.9128769689493316,4.467759195950064,0,0,0,0,0,0,2.84,3.6,0.9314837962962962,0.07200000000000001,0.5425863986500213,0.2529822128134703,0.006202275782321531,0.005059644256269408,5,3.2,0.9283101851851852,0.064,2.2,215,809132025421,50,162.3287444114685,3.6,0.934409722222222,0.072,2.6,216,990676108683,50,155.87150883674622,4.0,0.9250810185185183,0.08,3.0,217,125914321520,50,167.57033324241638,3.6,0.927372685185185,0.072,2.6,218,633356605068,50,195.71121883392334,3.6,0.9422453703703701,0.072,3.8,219,293597788666,50,145.19776368141174,826.6795690059662,195.84966468811035
54,12,1.2,5,4,11,12,12,14,12,14,9,13,9,12,10,11,0,0,0.08680571545237128,0.888336761182682,5.171801207018598,0,0,0,0,0,0,3.2,5.040000000000001,0.9402206790123456,0.1008,0.6572670690061994,0.23323807579381223,0.01729463927655452,0.004664761515876238,5,4.8,0.9433487654320986,0.096,4.2,220,809132025421,50,168.8654637336731,4.8,0.9450154320987653,0.096,3.2,221,990676108683,50,164.0293266773224,5.2,0.907145061728395,0.104,3.6,222,125914321520,50,229.49154543876648,5.0,0.9476774691358023,0.1,2.4,223,633356605068,50,165.94416189193726,5.4,0.9579166666666667,0.108,2.6,224,293597788666,50,151.4089276790619,879.7394254207611,229.51533436775208
55,13,1.3,5,4,11,12,11,13,11,14,9,10,9,13,9,12,0,0,0.0953433156108103,0.9237857366766047,6.523997146931502,0,0,0,0,0,0,3.7199999999999998,5.880000000000001,0.9522685185185183,0.1176,0.934665715643834,0.3709447398198283,0.009494260613971203,0.007418894796396563,5,5.4,0.9616087962962961,0.108,5.4,225,809132025421,50,167.01828241348267,5.8,0.9514313271604936,0.116,2.8,226,990676108683,50,190.6317286491394,6.4,0.9564004629629629,0.128,3.0,227,125914321520,50,158.02972674369812,5.6,0.9344212962962962,0.112,4.0,228,633356605068,50,208.823881149292,6.2,0.9574807098765431,0.124,3.4,229,293597788666,50,132.52535462379456,857.0289735794067,208.97555947303772
56,10,1.0,5,4,10,11,11,14,11,12,11,12,9,13,0,0,0,0,0.042805715452371274,0.8728968656084052,6.107369629584669,0,0,0,0,0,0,2.44,2.84,0.939599074074074,0.056799999999999996,1.2224565431948897,0.23323807579381206,0.02223406948855625,0.004664761515876241,5,2.6,0.9671759259259257,0.052,4.6,230,809132025421,50,114.13274955749512,2.6,0.9625787037037036,0.052,1.4,231,990676108683,50,141.43290853500366,3.2,0.9285694444444443,0.064,3.0,232,125914321520,50,174.00406002998352,3.0,0.9079953703703701,0.06,1.6,233,633356605068,50,201.45908737182617,2.8,0.9316759259259259,0.056,1.6,234,293597788666,50,135.70470023155212,766.7335057258606,201.49276185035706
57,11,1.1,5,4,11,12,12,14,9,13,11,14,11,12,9,13,10,11,0.09361143090474255,0.9161713837054782,7.042324011328878,9,10,9,10,0,0,5.32,6.08,0.9444989711934155,0.1216,0.5741080037762928,0.46647615158762373,0.009442529162645746,0.009329523031752484,5,5.4,0.9406095679012346,0.108,5.6,235,809132025421,50,223.31401920318604,5.8,0.9416769547325102,0.116,5.4,236,990676108683,50,222.99946284294128,6.6,0.9592129629629628,0.132,5.8,237,125914321520,50,208.54645562171936,6.6,0.9311651234567901,0.132,4.2,238,633356605068,50,231.5930244922638,6.0,0.94983024691358,0.12,5.6,239,293597788666,50,212.9586832523346,1099.411645412445,231.75490760803223
58,10,1.0,5,4,10,11,11,13,9,10,9,13,10,11,9,13,10,12,0.07723160084678768,0.9159243195903768,5.996772092866037,9,10,0,0,0,0,3.5200000000000005,4.999999999999999,0.9485416666666664,0.1,0.8255906976220119,0.37947331922020555,0.010872449025429852,0.007589466384404111,5,4.6,0.9539409722222221,0.092,2.8,240,809132025421,50,243.90283799171448,4.6,0.9675434027777775,0.092,3.8,241,990676108683,50,198.5552568435669,5.0,0.9392881944444442,0.1,5.0,242,125914321520,50,221.60115122795105,5.6,0.9414583333333331,0.112,3.2,243,633356605068,50,235.7475185394287,5.2,0.9404774305555554,0.104,2.8,244,293597788666,50,210.92696070671082,1110.733725309372,243.91306614875793
59,120,12.0,5,4,10,13,11,14,10,12,11,12,9,11,9,10,0,0,0.21582002227174257,0.9287565849687751,13.600751826574887,0,0,0,0,0,0,8.28,11.24,0.9601712962962962,0.22480000000000003,1.7735839421916293,0.1496662954709579,0.01047157044250703,0.0029933259094191557,5,11.0,0.9470524691358024,0.22,8.4,245,809132025421,50,140.6173279285431,11.4,0.9481635802469136,0.228,6.2,246,990676108683,50,130.10670948028564,11.4,0.9720216049382714,0.228,7.0,247,125914321520,50,115.80874490737915,11.2,0.9681172839506172,0.224,8.4,248,633356605068,50,120.97450542449951,11.2,0.9655015432098764,0.224,11.4,249,293597788666,50,117.0919086933136,624.599196434021,140.6333451271057
60,10,1.0,5,5,11,13,11,14,11,12,9,12,10,11,0,0,0,0,0.041563673851961115,0.8612666518192752,4.865668438918968,0,0,0,0,0,0,2.6399999999999997,2.96,0.9290574074074073,0.059199999999999996,0.7418894796396563,0.2939387691339814,0.02259691852937735,0.005878775382679627,5,2.4,0.9658333333333331,0.048,3.4,195,809132025421,50,122.24559378623962,3.2,0.9449259259259257,0.064,1.4,196,990676108683,50,165.45785236358643,3.0,0.9153148148148148,0.06,3.0,197,125914321520,50,199.7393536567688,3.2,0.9083240740740738,0.064,3.2,198,633356605068,50,207.42684721946716,3.0,0.9108888888888889,0.06,2.2,199,293597788666,50,209.34156608581543,904.2112131118774,0.0024824142456054688
61,10,1.0,5,5,10,11,11,14,11,12,11,12,9,13,0,0,0,0,0.042805715452371274,0.8728968656084052,6.107369629584669,0,0,0,0,0,0,2.44,2.84,0.939599074074074,0.056799999999999996,1.2224565431948897,0.23323807579381206,0.02223406948855625,0.004664761515876241,5,2.6,0.9671759259259257,0.052,4.6,230,809132025421,50,114.13274955749512,2.6,0.9625787037037036,0.052,1.4,231,990676108683,50,141.43290853500366,3.2,0.9285694444444443,0.064,3.0,232,125914321520,50,174.00406002998352,3.0,0.9079953703703701,0.06,1.6,233,633356605068,50,201.45908737182617,2.8,0.9316759259259259,0.056,1.6,234,293597788666,50,135.70470023155212,766.7335057258606,0.0010094642639160156
62,13,1.3,5,5,9,10,11,13,11,12,9,13,10,11,0,0,0,0,0.05726687370800103,0.9107557180179652,3.9724395537122814,0,0,0,0,0,0,2.68,3.4,0.9454027777777776,0.068,0.4308131845707604,0.17888543819998315,0.011549019919937469,0.00357770876399966,5,3.2,0.942347222222222,0.064,3.0,250,809132025421,50,146.06417179107666,3.2,0.9379861111111107,0.064,2.8,251,990676108683,50,148.8776080608368,3.6,0.9375555555555556,0.072,3.2,252,125914321520,50,134.12850832939148,3.4,0.9682222222222222,0.068,2.0,253,633356605068,50,119.66421842575073,3.6,0.9409027777777776,0.072,2.4,254,293597788666,50,146.53961300849915,695.2741196155548,148.90298700332642
63,11,1.1,5,5,10,11,12,14,12,14,12,13,9,13,9,10,0,0,0.056821067231191784,0.9128769689493316,5.2157351763650786,0,0,0,0,0,0,2.92,3.6,0.9314837962962962,0.07200000000000001,0.7652450587883596,0.2529822128134703,0.006202275782321531,0.005059644256269408,5,3.2,0.9283101851851852,0.064,3.8,255,809132025421,50,172.97322702407837,3.6,0.934409722222222,0.072,1.6,256,990676108683,50,165.16281628608704,4.0,0.9250810185185183,0.08,2.6,257,125914321520,50,178.83924770355225,3.6,0.927372685185185,0.072,3.2,258,633356605068,50,199.25403690338135,3.6,0.9422453703703701,0.072,3.4,259,293597788666,50,154.8597731590271,871.0891010761261,199.45287823677063
64,13,1.3,5,5,9,10,11,13,11,12,10,14,9,10,0,0,0,0,0.05726687370800103,0.9107557180179652,4.22290871499275,0,0,0,0,0,0,2.6399999999999997,3.4,0.9454027777777776,0.068,0.5276362383309167,0.17888543819998315,0.011549019919937469,0.00357770876399966,5,3.2,0.942347222222222,0.064,2.2,260,809132025421,50,149.18173837661743,3.2,0.9379861111111107,0.064,2.4,261,990676108683,50,151.32657504081726,3.6,0.9375555555555556,0.072,2.2,262,125914321520,50,136.15924525260925,3.4,0.9682222222222222,0.068,3.6,263,633356605068,50,122.352548122406,3.6,0.9409027777777776,0.072,2.8,264,293597788666,50,151.95685243606567,710.9769592285156,152.1264307498932
65,11,1.1,5,5,10,14,11,14,10,11,9,13,11,13,11,14,9,10,0.10153113668440161,0.8415447486610727,7.671991091302983,0,0,0,0,0,0,4.08,6.24,0.9427387566137565,0.1248,1.197330363767661,0.38781438859330636,0.03373133598422795,0.007756287771866129,5,5.6,0.8852248677248676,0.112,3.4,120,809132025421,50,324.3388524055481,6.6,0.957929894179894,0.132,2.2,121,990676108683,50,183.16946578025818,6.4,0.9691931216931217,0.128,5.6,122,125914321520,50,173.07334995269775,6.6,0.9764087301587301,0.132,5.0,123,633356605068,50,153.4269871711731,6.0,0.9249371693121693,0.12,4.2,124,293597788666,50,279.9648952484131,1113.9735505580902,0.002332448959350586
66,117,11.7,5,5,10,12,11,12,9,10,9,13,9,10,0,0,0,0,0.15544244923464076,0.8688839426304429,9.93198006639018,0,0,0,0,0,0,6.32,8.360000000000001,0.9422833333333331,0.16720000000000002,1.203993355463393,0.19595917942265423,0.024466463567630103,0.003919183588453082,5,8.4,0.9576388888888886,0.168,8.0,265,809132025421,50,102.15781879425049,8.4,0.9508611111111109,0.168,7.4,266,990676108683,50,114.07958054542542,8.4,0.9489999999999998,0.168,4.8,267,125914321520,50,116.07870197296143,8.0,0.8940277777777776,0.16,5.4,268,633356605068,50,145.19232606887817,8.6,0.9598888888888887,0.172,6.0,269,293597788666,50,100.92958474159241,578.4380121231079,145.21289658546448
67,10,1.0,5,5,10,11,11,14,11,12,11,12,9,13,0,0,0,0,0.042805715452371274,0.8728968656084052,6.107369629584669,0,0,0,0,0,0,2.44,2.84,0.939599074074074,0.056799999999999996,1.2224565431948897,0.23323807579381206,0.02223406948855625,0.004664761515876241,5,2.6,0.9671759259259257,0.052,4.6,230,809132025421,50,114.13274955749512,2.6,0.9625787037037036,0.052,1.4,231,990676108683,50,141.43290853500366,3.2,0.9285694444444443,0.064,3.0,232,125914321520,50,174.00406002998352,3.0,0.9079953703703701,0.06,1.6,233,633356605068,50,201.45908737182617,2.8,0.9316759259259259,0.056,1.6,234,293597788666,50,135.70470023155212,766.7335057258606,0.002519845962524414
68,14,1.4,5,5,11,12,11,13,11,14,9,12,0,0,0,0,0,0,0.0460848984692815,0.8734555347817133,4.449160837518903,0,0,0,0,0,0,2.96,3.4799999999999995,0.9251412037037037,0.06960000000000001,0.4963869458396343,0.39191835884530835,0.017228556307330098,0.007838367176906169,5,3.0,0.9548611111111112,0.06,2.2,270,809132025421,50,114.6893994808197,3.8,0.9221759259259259,0.076,2.8,271,990676108683,50,161.1641776561737,3.8,0.9315046296296294,0.076,3.6,272,125914321520,50,122.13866782188416,3.8,0.9073263888888887,0.076,2.8,273,633356605068,50,162.6527817249298,3.0,0.9098379629629629,0.06,3.4,274,293597788666,50,163.84310579299927,724.4881324768066,164.05436205863953
69,10,1.0,5,5,11,13,11,14,9,13,9,12,10,11,0,0,0,0,0.068,0.9064019156730243,6.121265569356678,0,0,0,0,0,0,2.96,4.12,0.9435185185185183,0.0824,1.0537551897855595,0.24000000000000024,0.012372200948498007,0.004799999999999998,5,3.8,0.9534398148148148,0.076,2.0,275,809132025421,50,166.46138429641724,4.4,0.9361944444444443,0.088,1.8,276,990676108683,50,180.72266721725464,4.0,0.9247870370370368,0.08,4.4,277,125914321520,50,198.4003987312317,4.4,0.9434537037037035,0.088,2.6,278,633356605068,50,171.83811736106873,4.0,0.9597175925925925,0.08,4.0,279,293597788666,50,149.44701218605042,866.8695797920227,198.5386884212494
70,12,1.2,5,5,9,10,11,13,11,12,9,13,9,10,0,0,0,0,0.03866006681522763,0.8721568732543297,4.497056274847714,0,0,0,0,0,0,2.8,3.28,0.9422694444444442,0.0656,0.5656854249492381,0.44899888641287306,0.023370857063371515,0.00897997772825746,5,2.8,0.9160277777777777,0.056,3.6,280,809132025421,50,157.7524335384369,2.8,0.9415138888888887,0.056,2.4,281,990676108683,50,151.8084545135498,3.4,0.9224305555555553,0.068,2.8,282,125914321520,50,160.25020051002502,4.0,0.9822916666666665,0.08,2.0,283,633356605068,50,107.76094722747803,3.4,0.9490833333333331,0.068,3.2,284,293597788666,50,140.45803141593933,718.0300672054291,160.27788400650024
71,11,1.1,5,5,9,10,10,12,12,14,12,13,9,13,10,11,0,0,0.056821067231191784,0.9128769689493316,5.021931988953505,0,0,0,0,0,0,2.64,3.6,0.9314837962962962,0.07200000000000001,0.7939773296511684,0.2529822128134703,0.006202275782321531,0.005059644256269408,5,3.2,0.9283101851851852,0.064,3.2,285,809132025421,50,175.58500504493713,3.6,0.934409722222222,0.072,1.2,286,990676108683,50,168.01621532440186,4.0,0.9250810185185183,0.08,3.0,287,125914321520,50,181.4561152458191,3.6,0.927372685185185,0.072,3.4,288,633356605068,50,205.94644379615784,3.6,0.9422453703703701,0.072,2.4,289,293597788666,50,156.88454627990723,887.8883256912231,206.087299823761
72,11,1.1,5,6,10,13,10,13,9,10,11,13,9,12,9,10,0,0,0.07200000000000001,0.8953772259589796,5.308246087400561,0,0,0,0,0,0,3.0,4.319999999999999,0.9329768518518519,0.0864,0.7694153624668537,0.2399999999999998,0.012533208630957396,0.004799999999999998,5,4.0,0.919182098765432,0.08,2.8,290,809132025421,50,215.67439198493958,4.2,0.9309259259259258,0.084,4.0,291,990676108683,50,211.61215686798096,4.6,0.9287422839506173,0.092,3.8,292,125914321520,50,202.1242482662201,4.6,0.9566435185185184,0.092,2.2,293,633356605068,50,179.71227979660034,4.2,0.9293904320987653,0.084,2.2,294,293597788666,50,230.9099781513214,1040.0330550670624,230.9419572353363
73,11,1.1,5,6,9,10,10,12,9,12,11,12,10,12,9,10,0,0,0.04680363666421197,0.9087070377085193,5.544879107424562,0,0,0,0,0,0,2.96,3.44,0.9317345679012344,0.0688,0.8616263691415207,0.36660605559646725,0.007675843397571712,0.007332121111929343,5,2.8,0.9278163580246912,0.056,4.0,295,809132025421,50,171.58222246170044,3.4,0.92795524691358,0.068,1.6,296,990676108683,50,176.4321539402008,3.8,0.92366512345679,0.076,2.4,297,125914321520,50,185.05195784568787,3.8,0.9457638888888887,0.076,3.6,298,633356605068,50,152.96349716186523,3.4,0.933472222222222,0.068,3.2,299,293597788666,50,171.35637712478638,857.3862085342407,185.18833184242249
74,12,1.2,5,6,11,13,11,14,11,12,9,12,0,0,0,0,0,0,0.05336235316737732,0.8606238414132225,4.512818023399081,0,0,0,0,0,0,2.4,3.2800000000000002,0.9372939814814814,0.0656,0.7042726744663603,0.20396078054371136,0.025556713356086287,0.004079215610874228,5,3.4,0.9375347222222221,0.068,2.0,300,809132025421,50,136.54460740089417,3.0,0.9598842592592592,0.06,2.0,301,990676108683,50,106.6004090309143,3.2,0.8906481481481481,0.064,2.2,302,125914321520,50,181.5863332748413,3.6,0.9370370370370369,0.072,2.0,303,633356605068,50,138.17079424858093,3.2,0.9613657407407408,0.064,3.8,304,293597788666,50,113.93319964408875,676.8353435993195,181.6192798614502
75,14,1.4,5,6,11,12,11,13,11,14,9,12,0,0,0,0,0,0,0.0460848984692815,0.8734555347817133,4.449160837518903,0,0,0,0,0,0,2.96,3.4799999999999995,0.9251412037037037,0.06960000000000001,0.4963869458396343,0.39191835884530835,0.017228556307330098,0.007838367176906169,5,3.0,0.9548611111111112,0.06,2.2,270,809132025421,50,114.6893994808197,3.8,0.9221759259259259,0.076,2.8,271,990676108683,50,161.1641776561737,3.8,0.9315046296296294,0.076,3.6,272,125914321520,50,122.13866782188416,3.8,0.9073263888888887,0.076,2.8,273,633356605068,50,162.6527817249298,3.0,0.9098379629629629,0.06,3.4,274,293597788666,50,163.84310579299927,724.4881324768066,0.0023064613342285156
76,13,1.3,5,6,9,10,11,13,11,12,9,13,9,10,0,0,0,0,0.05726687370800103,0.9107557180179652,3.6948846085563156,0,0,0,0,0,0,2.72,3.4,0.9454027777777776,0.068,0.32496153618543844,0.17888543819998315,0.011549019919937469,0.00357770876399966,5,3.2,0.942347222222222,0.064,2.6,180,809132025421,50,149.9868984222412,3.2,0.9379861111111107,0.064,2.8,181,990676108683,50,151.2363429069519,3.6,0.9375555555555556,0.072,3.2,182,125914321520,50,135.9536211490631,3.4,0.9682222222222222,0.068,2.8,183,633356605068,50,121.16650295257568,3.6,0.9409027777777776,0.072,2.2,184,293597788666,50,148.97477221488953,707.3181376457214,0.0018897056579589844
77,13,1.3,5,6,9,10,11,13,11,12,9,13,10,11,0,0,0,0,0.05726687370800103,0.9107557180179652,3.9724395537122814,0,0,0,0,0,0,2.68,3.4,0.9454027777777776,0.068,0.4308131845707604,0.17888543819998315,0.011549019919937469,0.00357770876399966,5,3.2,0.942347222222222,0.064,3.0,250,809132025421,50,146.06417179107666,3.2,0.9379861111111107,0.064,2.8,251,990676108683,50,148.8776080608368,3.6,0.9375555555555556,0.072,3.2,252,125914321520,50,134.12850832939148,3.4,0.9682222222222222,0.068,2.0,253,633356605068,50,119.66421842575073,3.6,0.9409027777777776,0.072,2.4,254,293597788666,50,146.53961300849915,695.2741196155548,0.0018525123596191406
78,13,1.3,5,6,9,10,11,13,11,12,9,13,9,10,0,0,0,0,0.05726687370800103,0.9107557180179652,3.6948846085563156,0,0,0,0,0,0,2.72,3.4,0.9454027777777776,0.068,0.32496153618543844,0.17888543819998315,0.011549019919937469,0.00357770876399966,5,3.2,0.942347222222222,0.064,2.6,180,809132025421,50,149.9868984222412,3.2,0.9379861111111107,0.064,2.8,181,990676108683,50,151.2363429069519,3.6,0.9375555555555556,0.072,3.2,182,125914321520,50,135.9536211490631,3.4,0.9682222222222222,0.068,2.8,183,633356605068,50,121.16650295257568,3.6,0.9409027777777776,0.072,2.2,184,293597788666,50,148.97477221488953,707.3181376457214,0.0018131732940673828
79,12,1.2,5,6,9,10,10,12,11,12,9,13,9,10,0,0,0,0,0.03866006681522763,0.8721568732543297,5.080689552697646,0,0,0,0,0,0,2.7600000000000002,3.28,0.9422694444444442,0.0656,0.7735631842325487,0.44899888641287306,0.023370857063371515,0.00897997772825746,5,2.8,0.9160277777777777,0.056,4.2,210,809132025421,50,157.91346836090088,2.8,0.9415138888888887,0.056,2.8,211,990676108683,50,151.86017441749573,3.4,0.9224305555555553,0.068,2.6,212,125914321520,50,156.66588497161865,4.0,0.9822916666666665,0.08,2.2,213,633356605068,50,108.44165420532227,3.4,0.9490833333333331,0.068,2.0,214,293597788666,50,139.43603038787842,714.3172123432159,0.0014595985412597656
80,10,1.0,5,6,11,13,11,14,11,12,9,11,10,11,0,0,0,0,0.03688020100629408,0.8897271990578794,2.8733126291998996,0,0,0,0,0,0,1.8,2.6399999999999997,0.9455629629629628,0.0528,0.35777087639996646,0.26532998322843193,0.01861192130169446,0.005306599664568641,5,2.2,0.962824074074074,0.044,1.4,305,809132025421,50,118.62030386924744,2.8,0.9621574074074072,0.056,2.2,306,990676108683,50,128.22806549072266,2.6,0.9376296296296294,0.052,2.2,307,125914321520,50,158.30490708351135,3.0,0.9131111111111109,0.06,1.8,308,633356605068,50,194.1788420677185,2.6,0.9520925925925925,0.052,1.4,309,293597788666,50,138.38805413246155,737.7201726436615,194.31189393997192
81,13,1.3,5,6,9,10,11,13,11,12,9,13,10,11,0,0,0,0,0.05726687370800103,0.9107557180179652,3.9724395537122814,0,0,0,0,0,0,2.68,3.4,0.9454027777777776,0.068,0.4308131845707604,0.17888543819998315,0.011549019919937469,0.00357770876399966,5,3.2,0.942347222222222,0.064,3.0,250,809132025421,50,146.06417179107666,3.2,0.9379861111111107,0.064,2.8,251,990676108683,50,148.8776080608368,3.6,0.9375555555555556,0.072,3.2,252,125914321520,50,134.12850832939148,3.4,0.9682222222222222,0.068,2.0,253,633356605068,50,119.66421842575073,3.6,0.9409027777777776,0.072,2.4,254,293597788666,50,146.53961300849915,695.2741196155548,0.0011730194091796875
82,14,1.4,5,6,11,12,11,13,9,12,0,0,0,0,0,0,0,0,0.03164004454348508,0.880260872470936,4.425673562138532,0,0,0,0,0,0,1.92,2.4799999999999995,0.9268179012345679,0.0496,0.835224520712844,0.2993325909419152,0.015519009587877311,0.005986651818838306,5,2.2,0.9013271604938272,0.044,1.0,310,809132025421,50,136.06736874580383,2.4,0.9426851851851851,0.048,1.4,311,990676108683,50,93.8732967376709,2.6,0.9249228395061726,0.052,3.2,312,125914321520,50,93.9090964794159,3.0,0.9433641975308641,0.06,1.4,313,633356605068,50,88.59502243995667,2.2,0.9217901234567901,0.044,2.6,314,293597788666,50,114.55413937568665,526.9989237785339,136.07744693756104
83,11,1.1,5,6,9,10,11,13,11,14,11,12,9,13,9,10,0,0,0.0621023078288737,0.9026323753420115,4.316581803638302,0,0,0,0,0,0,2.6799999999999997,4.08,0.9234413580246912,0.0816,0.5455272678794342,0.32496153618543827,0.006936327560893232,0.006499230723708769,5,3.6,0.9145447530864197,0.072,3.4,315,809132025421,50,216.2772662639618,4.0,0.9294984567901232,0.08,2.8,316,990676108683,50,196.15650582313538,4.6,0.9168209876543209,0.092,1.8,317,125914321520,50,214.67633056640625,4.2,0.9239197530864196,0.084,2.4,318,633356605068,50,217.50102376937866,4.0,0.9324228395061728,0.08,3.0,319,293597788666,50,186.55266451835632,1031.1637909412384,217.63678431510925
84,11,1.1,5,7,10,14,11,14,10,11,9,13,11,13,11,14,9,10,0.10153113668440161,0.8415447486610727,7.671991091302983,0,0,0,0,0,0,4.08,6.24,0.9427387566137565,0.1248,1.197330363767661,0.38781438859330636,0.03373133598422795,0.007756287771866129,5,5.6,0.8852248677248676,0.112,3.4,120,809132025421,50,324.3388524055481,6.6,0.957929894179894,0.132,2.2,121,990676108683,50,183.16946578025818,6.4,0.9691931216931217,0.128,5.6,122,125914321520,50,173.07334995269775,6.6,0.9764087301587301,0.132,5.0,123,633356605068,50,153.4269871711731,6.0,0.9249371693121693,0.12,4.2,124,293597788666,50,279.9648952484131,1113.9735505580902,0.002462148666381836
85,11,1.1,5,7,10,14,11,14,10,11,9,13,11,13,11,14,9,10,0.10153113668440161,0.8415447486610727,7.671991091302983,0,0,0,0,0,0,4.08,6.24,0.9427387566137565,0.1248,1.197330363767661,0.38781438859330636,0.03373133598422795,0.007756287771866129,5,5.6,0.8852248677248676,0.112,3.4,120,809132025421,50,324.3388524055481,6.6,0.957929894179894,0.132,2.2,121,990676108683,50,183.16946578025818,6.4,0.9691931216931217,0.128,5.6,122,125914321520,50,173.07334995269775,6.6,0.9764087301587301,0.132,5.0,123,633356605068,50,153.4269871711731,6.0,0.9249371693121693,0.12,4.2,124,293597788666,50,279.9648952484131,1113.9735505580902,0.0020051002502441406
86,14,1.4,5,7,11,14,9,11,0,0,0,0,0,0,0,0,0,0,0.028,0.8454908995010004,3.61757138393787,0,0,0,0,0,0,1.56,1.8800000000000001,0.9455972222222222,0.0376,0.6858571279792899,0.15999999999999998,0.03336877424040727,0.0032000000000000006,5,2.0,0.9153009259259259,0.04,1.2,320,809132025421,50,120.29465341567993,2.0,0.8968055555555556,0.04,0.6,321,990676108683,50,118.15913319587708,2.0,0.9830324074074074,0.04,2.0,322,125914321520,50,73.19637060165405,1.6,0.9663425925925926,0.032,2.6,323,633356605068,50,82.38592720031738,1.8,0.9665046296296296,0.036,1.4,324,293597788666,50,81.09094309806824,475.1270275115967,120.3056287765503
87,11,1.1,5,7,11,14,11,13,11,12,9,12,11,13,11,14,0,0,0.0759311366844016,0.8612874808359187,4.149100428334827,0,0,0,0,0,0,2.7600000000000002,4.96,0.9341033950617283,0.0992,0.463033476111609,0.38781438859330614,0.024271971408603238,0.007756287771866129,5,4.4,0.9208564814814815,0.088,3.2,325,809132025421,50,213.43318629264832,5.0,0.9115277777777776,0.1,2.6,326,990676108683,50,247.9082419872284,5.6,0.9134027777777778,0.112,2.2,327,125914321520,50,221.21214866638184,4.8,0.9731944444444444,0.096,2.4,328,633356605068,50,141.87869453430176,5.0,0.9515354938271606,0.1,3.4,329,293597788666,50,186.29524660110474,1010.727518081665,248.0356640815735
88,11,1.1,5,7,10,14,11,12,10,13,11,13,11,13,11,14,0,0,0.08655441935909769,0.913387757356993,8.32641729567846,0,0,0,0,0,0,3.96,5.359999999999999,0.9480424382716048,0.1072,1.4554724318928203,0.344093010681705,0.011551560304870619,0.0068818602136341035,5,4.8,0.9475848765432097,0.096,6.0,330,809132025421,50,177.85997128486633,5.2,0.9285300925925924,0.104,2.2,331,990676108683,50,203.34922885894775,5.8,0.9630169753086419,0.116,4.4,332,125914321520,50,137.3691554069519,5.6,0.9455632716049381,0.112,2.4,333,633356605068,50,187.58403754234314,5.4,0.955516975308642,0.108,4.8,334,293597788666,50,161.62431144714355,867.7867045402527,203.38354063034058
89,14,1.4,5,7,10,11,11,14,11,12,11,14,10,11,0,0,0,0,0.05982002227174255,0.8794598639490763,3.867759195950064,0,0,0,0,0,0,2.2399999999999998,3.44,0.931725925925926,0.0688,0.5425863986500215,0.14966629547095764,0.017422020658949912,0.0029933259094191496,5,3.4,0.9271666666666667,0.068,2.0,335,809132025421,50,138.40205192565918,3.4,0.9423518518518517,0.068,1.4,336,990676108683,50,140.5178666114807,3.6,0.9580185185185185,0.072,2.6,337,125914321520,50,122.76599454879761,3.6,0.9247407407407409,0.072,3.0,338,633356605068,50,154.73740673065186,3.2,0.9063518518518517,0.064,2.2,339,293597788666,50,184.83869338035583,741.2620131969452,185.2864875793457
90,11,1.1,5,7,10,14,11,14,10,11,9,13,11,13,11,14,9,10,0.10153113668440161,0.8415447486610727,7.671991091302983,0,0,0,0,0,0,4.08,6.24,0.9427387566137565,0.1248,1.197330363767661,0.38781438859330636,0.03373133598422795,0.007756287771866129,5,5.6,0.8852248677248676,0.112,3.4,120,809132025421,50,324.3388524055481,6.6,0.957929894179894,0.132,2.2,121,990676108683,50,183.16946578025818,6.4,0.9691931216931217,0.128,5.6,122,125914321520,50,173.07334995269775,6.6,0.9764087301587301,0.132,5.0,123,633356605068,50,153.4269871711731,6.0,0.9249371693121693,0.12,4.2,124,293597788666,50,279.9648952484131,1113.9735505580902,0.0023691654205322266
91,11,1.1,5,7,10,14,11,14,10,11,9,13,11,13,11,14,9,10,0.10153113668440161,0.8415447486610727,7.671991091302983,0,0,0,0,0,0,4.08,6.24,0.9427387566137565,0.1248,1.197330363767661,0.38781438859330636,0.03373133598422795,0.007756287771866129,5,5.6,0.8852248677248676,0.112,3.4,120,809132025421,50,324.3388524055481,6.6,0.957929894179894,0.132,2.2,121,990676108683,50,183.16946578025818,6.4,0.9691931216931217,0.128,5.6,122,125914321520,50,173.07334995269775,6.6,0.9764087301587301,0.132,5.0,123,633356605068,50,153.4269871711731,6.0,0.9249371693121693,0.12,4.2,124,293597788666,50,279.9648952484131,1113.9735505580902,0.001954793930053711
92,14,1.4,5,7,11,12,11,13,11,14,9,12,0,0,0,0,0,0,0.0460848984692815,0.8734555347817133,4.449160837518903,0,0,0,0,0,0,2.96,3.4799999999999995,0.9251412037037037,0.06960000000000001,0.4963869458396343,0.39191835884530835,0.017228556307330098,0.007838367176906169,5,3.0,0.9548611111111112,0.06,2.2,270,809132025421,50,114.6893994808197,3.8,0.9221759259259259,0.076,2.8,271,990676108683,50,161.1641776561737,3.8,0.9315046296296294,0.076,3.6,272,125914321520,50,122.13866782188416,3.8,0.9073263888888887,0.076,2.8,273,633356605068,50,162.6527817249298,3.0,0.9098379629629629,0.06,3.4,274,293597788666,50,163.84310579299927,724.4881324768066,0.001889944076538086
93,14,1.4,5,7,11,12,11,13,11,14,9,12,0,0,0,0,0,0,0.0460848984692815,0.8734555347817133,4.449160837518903,0,0,0,0,0,0,2.96,3.4799999999999995,0.9251412037037037,0.06960000000000001,0.4963869458396343,0.39191835884530835,0.017228556307330098,0.007838367176906169,5,3.0,0.9548611111111112,0.06,2.2,270,809132025421,50,114.6893994808197,3.8,0.9221759259259259,0.076,2.8,271,990676108683,50,161.1641776561737,3.8,0.9315046296296294,0.076,3.6,272,125914321520,50,122.13866782188416,3.8,0.9073263888888887,0.076,2.8,273,633356605068,50,162.6527817249298,3.0,0.9098379629629629,0.06,3.4,274,293597788666,50,163.84310579299927,724.4881324768066,0.0018610954284667969
94,10,1.0,5,7,11,14,10,11,9,14,11,13,9,10,0,0,0,0,0.056440044543485085,0.8849894414573414,4.563474979488465,0,0,0,0,0,0,2.7199999999999998,3.72,0.9390799999999999,0.07440000000000001,0.6144916598294885,0.2993325909419153,0.018030186180886188,0.005986651818838306,5,3.2,0.9739574074074072,0.064,3.0,340,809132025421,50,141.2281470298767,3.6,0.9274870370370369,0.072,2.2,341,990676108683,50,215.49528455734253,4.0,0.928987037037037,0.08,3.8,342,125914321520,50,190.63435554504395,4.0,0.925937037037037,0.08,2.2,343,633356605068,50,205.04978704452515,3.8,0.9390314814814813,0.076,2.4,344,293597788666,50,198.06157088279724,950.4691450595856,215.52758884429932
95,10,1.0,5,7,11,14,11,12,11,14,11,12,11,14,9,12,9,10,0.08622002227174252,0.8683799542484175,5.277140771636011,0,0,0,0,0,0,3.3200000000000003,4.76,0.9321560846560846,0.09519999999999999,0.6523802572120037,0.14966629547095778,0.021258710135889015,0.0029933259094191557,5,4.6,0.9363624338624338,0.092,2.8,345,809132025421,50,240.7812225818634,4.8,0.9280291005291003,0.096,3.0,346,990676108683,50,268.5143518447876,5.0,0.8947486772486772,0.1,2.6,347,125914321520,50,313.5716767311096,4.6,0.9427910052910052,0.092,4.2,348,633356605068,50,214.25310277938843,4.8,0.9588492063492062,0.096,4.0,349,293597788666,50,176.66588020324707,1213.7862341403961,313.77616453170776
96,11,1.1,5,8,10,14,11,14,10,11,9,13,11,13,11,14,9,10,0.10153113668440161,0.8415447486610727,7.671991091302983,0,0,0,0,0,0,4.08,6.24,0.9427387566137565,0.1248,1.197330363767661,0.38781438859330636,0.03373133598422795,0.007756287771866129,5,5.6,0.8852248677248676,0.112,3.4,120,809132025421,50,324.3388524055481,6.6,0.957929894179894,0.132,2.2,121,990676108683,50,183.16946578025818,6.4,0.9691931216931217,0.128,5.6,122,125914321520,50,173.07334995269775,6.6,0.9764087301587301,0.132,5.0,123,633356605068,50,153.4269871711731,6.0,0.9249371693121693,0.12,4.2,124,293597788666,50,279.9648952484131,1113.9735505580902,0.002600431442260742
97,11,1.1,5,8,10,14,11,14,10,11,9,13,11,13,11,14,9,10,0.10153113668440161,0.8415447486610727,7.671991091302983,0,0,0,0,0,0,4.08,6.24,0.9427387566137565,0.1248,1.197330363767661,0.38781438859330636,0.03373133598422795,0.007756287771866129,5,5.6,0.8852248677248676,0.112,3.4,120,809132025421,50,324.3388524055481,6.6,0.957929894179894,0.132,2.2,121,990676108683,50,183.16946578025818,6.4,0.9691931216931217,0.128,5.6,122,125914321520,50,173.07334995269775,6.6,0.9764087301587301,0.132,5.0,123,633356605068,50,153.4269871711731,6.0,0.9249371693121693,0.12,4.2,124,293597788666,50,279.9648952484131,1113.9735505580902,0.0022001266479492188
98,14,1.4,5,8,11,12,11,13,9,11,0,0,0,0,0,0,0,0,0.026122408040499357,0.8959632830982647,3.0491608375189028,0,0,0,0,0,0,1.56,2.12,0.9342592592592591,0.0424,0.4963869458396343,0.2712931993250108,0.012765325386998169,0.005425863986500214,5,2.0,0.9334722222222221,0.04,1.0,350,809132025421,50,105.21402215957642,2.0,0.9443518518518518,0.04,1.2,351,990676108683,50,96.26671385765076,2.2,0.9217592592592591,0.044,2.4,352,125914321520,50,99.49186253547668,2.6,0.9192592592592591,0.052,1.4,353,633356605068,50,109.1735622882843,1.8,0.9524537037037035,0.036,1.8,354,293597788666,50,85.50424551963806,495.6504063606262,109.46863436698914
99,14,1.4,5,8,11,14,9,11,0,0,0,0,0,0,0,0,0,0,0.028,0.8454908995010004,3.61757138393787,0,0,0,0,0,0,1.56,1.8800000000000001,0.9455972222222222,0.0376,0.6858571279792899,0.15999999999999998,0.03336877424040727,0.0032000000000000006,5,2.0,0.9153009259259259,0.04,1.2,320,809132025421,50,120.29465341567993,2.0,0.8968055555555556,0.04,0.6,321,990676108683,50,118.15913319587708,2.0,0.9830324074074074,0.04,2.0,322,125914321520,50,73.19637060165405,1.6,0.9663425925925926,0.032,2.6,323,633356605068,50,82.38592720031738,1.8,0.9665046296296296,0.036,1.4,324,293597788666,50,81.09094309806824,475.1270275115967,0.0024285316467285156
100,11,1.1,5,8,10,14,11,14,10,11,11,14,11,13,11,13,9,10,0.08501799143330346,0.8684935189160241,5.795448660599336,0,0,0,0,0,0,4.04,5.640000000000001,0.9474146825396824,0.11280000000000001,0.5851495535331118,0.4630334761116091,0.026307054541219448,0.00926066952223218,5,5.0,0.8977876984126985,0.1,4.4,355,809132025421,50,285.88556456565857,5.4,0.9500793650793649,0.108,3.6,356,990676108683,50,199.9738528728485,6.4,0.976111111111111,0.128,5.0,357,125914321520,50,146.48892402648926,5.8,0.9567228835978836,0.116,3.8,358,633356605068,50,188.35855197906494,5.6,0.9563723544973545,0.112,3.4,359,293597788666,50,196.0297966003418,1016.7366900444031,286.0684826374054
101,13,1.3,5,8,11,14,11,12,9,12,9,10,0,0,0,0,0,0,0.03890230782887368,0.845303179343627,3.956581803638303,0,0,0,0,0,0,2.3200000000000003,2.92,0.9297407407407408,0.058399999999999994,0.5455272678794342,0.3249615361854384,0.028145853799037935,0.006499230723708771,5,2.8,0.9461342592592593,0.056,3.0,360,809132025421,50,142.4171371459961,2.6,0.8816666666666666,0.052,1.6,361,990676108683,50,211.94119715690613,3.4,0.9656712962962962,0.068,2.4,362,125914321520,50,119.43776059150696,3.2,0.9212499999999999,0.064,1.8,363,633356605068,50,150.9338400363922,2.6,0.9339814814814813,0.052,2.8,364,293597788666,50,132.28042793273926,757.0103628635406,212.086097240448
102,11,1.1,5,8,10,14,11,14,10,11,9,13,11,13,11,14,9,10,0.10153113668440161,0.8415447486610727,7.671991091302983,0,0,0,0,0,0,4.08,6.24,0.9427387566137565,0.1248,1.197330363767661,0.38781438859330636,0.03373133598422795,0.007756287771866129,5,5.6,0.8852248677248676,0.112,3.4,120,809132025421,50,324.3388524055481,6.6,0.957929894179894,0.132,2.2,121,990676108683,50,183.16946578025818,6.4,0.9691931216931217,0.128,5.6,122,125914321520,50,173.07334995269775,6.6,0.9764087301587301,0.132,5.0,123,633356605068,50,153.4269871711731,6.0,0.9249371693121693,0.12,4.2,124,293597788666,50,279.9648952484131,1113.9735505580902,0.0017075538635253906
103,11,1.1,5,8,10,14,11,14,10,11,9,13,11,13,11,14,9,10,0.10153113668440161,0.8415447486610727,7.671991091302983,0,0,0,0,0,0,4.08,6.24,0.9427387566137565,0.1248,1.197330363767661,0.38781438859330636,0.03373133598422795,0.007756287771866129,5,5.6,0.8852248677248676,0.112,3.4,120,809132025421,50,324.3388524055481,6.6,0.957929894179894,0.132,2.2,121,990676108683,50,183.16946578025818,6.4,0.9691931216931217,0.128,5.6,122,125914321520,50,173.07334995269775,6.6,0.9764087301587301,0.132,5.0,123,633356605068,50,153.4269871711731,6.0,0.9249371693121693,0.12,4.2,124,293597788666,50,279.9648952484131,1113.9735505580902,0.001322031021118164
104,11,1.1,5,8,10,14,11,14,10,11,9,13,11,13,11,14,9,10,0.10153113668440161,0.8415447486610727,7.671991091302983,0,0,0,0,0,0,4.08,6.24,0.9427387566137565,0.1248,1.197330363767661,0.38781438859330636,0.03373133598422795,0.007756287771866129,5,5.6,0.8852248677248676,0.112,3.4,120,809132025421,50,324.3388524055481,6.6,0.957929894179894,0.132,2.2,121,990676108683,50,183.16946578025818,6.4,0.9691931216931217,0.128,5.6,122,125914321520,50,173.07334995269775,6.6,0.9764087301587301,0.132,5.0,123,633356605068,50,153.4269871711731,6.0,0.9249371693121693,0.12,4.2,124,293597788666,50,279.9648952484131,1113.9735505580902,0.0012516975402832031
105,11,1.1,5,8,10,14,11,14,10,11,9,13,11,13,11,14,9,10,0.10153113668440161,0.8415447486610727,7.671991091302983,0,0,0,0,0,0,4.08,6.24,0.9427387566137565,0.1248,1.197330363767661,0.38781438859330636,0.03373133598422795,0.007756287771866129,5,5.6,0.8852248677248676,0.112,3.4,120,809132025421,50,324.3388524055481,6.6,0.957929894179894,0.132,2.2,121,990676108683,50,183.16946578025818,6.4,0.9691931216931217,0.128,5.6,122,125914321520,50,173.07334995269775,6.6,0.9764087301587301,0.132,5.0,123,633356605068,50,153.4269871711731,6.0,0.9249371693121693,0.12,4.2,124,293597788666,50,279.9648952484131,1113.9735505580902,0.00124359130859375
106,14,1.4,5,8,11,14,0,0,0,0,0,0,0,0,0,0,0,0,0.012799999999999999,0.7712629994312672,2.263764683262268,0,0,0,0,0,0,1.04,1.1199999999999999,0.9181481481481482,0.0224,0.4079215610874228,0.15999999999999998,0.04896171623896032,0.0032,5,1.4,0.9441666666666667,0.028,0.8,365,809132025421,50,42.03988552093506,1.0,0.8829629629629631,0.02,1.2,366,990676108683,50,69.99414396286011,1.0,0.8571296296296296,0.02,1.6,367,125914321520,50,78.96215462684631,1.2,0.9973148148148148,0.024,0.4,368,633356605068,50,24.428626537322998,1.0,0.9091666666666667,0.02,1.2,369,293597788666,50,57.63279104232788,273.05760169029236,79.14659690856934
107,11,1.1,5,8,10,14,11,14,9,13,11,13,11,14,9,11,0,0,0.1111636738519611,0.8667512518792849,6.633080025899647,0,0,0,0,0,0,4.4399999999999995,6.44,0.9541373456790124,0.1288,0.7310266752998826,0.29393876913398126,0.02912869793324249,0.005878775382679633,5,6.2,0.9833371913580247,0.124,5.6,370,809132025421,50,152.15589547157288,6.0,0.9287654320987654,0.12,5.0,371,990676108683,50,259.8828797340393,6.8,0.9891087962962962,0.136,3.8,372,125914321520,50,135.95811986923218,6.6,0.9543634259259259,0.132,3.8,373,633356605068,50,202.18724417686462,6.6,0.9151118827160493,0.132,4.0,374,293597788666,50,272.73209953308105,1022.91623878479,272.97716546058655
108,13,1.3,5,9,11,13,9,11,10,11,0,0,0,0,0,0,0,0,0.029362353167377314,0.8863403091364677,1.6179977728257458,0,0,0,0,0,0,0.72,2.08,0.942472222222222,0.0416,0.2993325909419153,0.20396078054371136,0.018710637695251466,0.0040792156108742286,5,2.0,0.9399999999999998,0.04,0.8,375,809132025421,50,96.19190073013306,1.8,0.9158333333333332,0.036,0.4,376,990676108683,50,113.85468363761902,2.2,0.9725462962962963,0.044,0.4,377,125914321520,50,73.93833541870117,2.4,0.933935185185185,0.048,1.2,378,633356605068,50,96.44392371177673,2.0,0.9500462962962962,0.04,0.8,379,293597788666,50,87.78074383735657,468.20958733558655,114.04747772216797
109,10,1.0,5,9,11,13,10,14,9,11,0,0,0,0,0,0,0,0,0.0334096799382044,0.905307114465625,2.9295160030897804,0,0,0,0,0,0,2.0000000000000004,2.6000000000000005,0.9634027777777776,0.052000000000000005,0.30983866769659335,0.30983866769659346,0.019365221104050888,0.006196773353931867,5,2.4,0.937199074074074,0.048,2.0,380,809132025421,50,142.05433893203735,2.4,0.9588657407407407,0.048,1.8,381,990676108683,50,107.90941166877747,2.6,0.9961574074074072,0.052,2.6,382,125914321520,50,82.21247458457947,3.2,0.9692129629629628,0.064,1.8,383,633356605068,50,102.65019154548645,2.4,0.9555787037037035,0.048,1.8,384,293597788666,50,111.37660431861877,546.2030210494995,142.06939339637756
110,12,1.2,5,9,11,14,11,12,9,10,0,0,0,0,0,0,0,0,0.024000000000000007,0.8655520238013623,2.496263447079205,0,0,0,0,0,0,1.16,1.6800000000000002,0.9417777777777776,0.033600000000000005,0.44542114902640173,0.16000000000000003,0.0254085846588051,0.003199999999999999,5,1.6,0.9053395061728393,0.032,0.8,385,809132025421,50,124.48807716369629,1.4,0.9436419753086419,0.028,1.0,386,990676108683,50,101.80791091918945,1.8,0.9219135802469133,0.036,2.0,387,125914321520,50,123.11197233200073,1.8,0.9721913580246913,0.036,0.8,388,633356605068,50,81.12492871284485,1.8,0.9658024691358023,0.036,1.2,389,293597788666,50,91.11338877677917,521.6462779045105,124.68121337890625
111,14,1.4,5,9,11,14,9,11,0,0,0,0,0,0,0,0,0,0,0.028,0.8454908995010004,3.61757138393787,0,0,0,0,0,0,1.56,1.8800000000000001,0.9455972222222222,0.0376,0.6858571279792899,0.15999999999999998,0.03336877424040727,0.0032000000000000006,5,2.0,0.9153009259259259,0.04,1.2,320,809132025421,50,120.29465341567993,2.0,0.8968055555555556,0.04,0.6,321,990676108683,50,118.15913319587708,2.0,0.9830324074074074,0.04,2.0,322,125914321520,50,73.19637060165405,1.6,0.9663425925925926,0.032,2.6,323,633356605068,50,82.38592720031738,1.8,0.9665046296296296,0.036,1.4,324,293597788666,50,81.09094309806824,475.1270275115967,0.002772808074951172
112,14,1.4,5,9,11,14,10,12,0,0,0,0,0,0,0,0,0,0,0.028,0.8454908995010004,3.317893276880822,0,0,0,0,0,0,1.8,1.8800000000000001,0.9455972222222222,0.0376,0.5059644256269407,0.15999999999999998,0.03336877424040727,0.0032000000000000006,5,2.0,0.9153009259259259,0.04,1.2,390,809132025421,50,106.18343257904053,2.0,0.8968055555555556,0.04,1.4,391,990676108683,50,105.45871353149414,2.0,0.9830324074074074,0.04,2.4,392,125914321520,50,63.028910875320435,1.6,0.9663425925925926,0.032,2.4,393,633356605068,50,69.75051856040955,1.8,0.9665046296296296,0.036,1.6,394,293597788666,50,68.7643871307373,413.18596267700195,106.19968938827515
113,11,1.1,5,9,10,14,11,14,9,10,9,13,11,12,9,12,9,10,0.09517501219512484,0.8734941971118912,6.371970149069014,0,0,0,0,0,0,3.96,6.04,0.9359556878306877,0.12079999999999999,0.8039900496896712,0.4270831300812523,0.0208204969062655,0.00854166260162505,5,5.4,0.8953935185185184,0.108,4.4,395,809132025421,50,278.6369614601135,6.4,0.9378802910052908,0.128,3.2,396,990676108683,50,211.94093251228333,6.6,0.951517857142857,0.132,3.0,397,125914321520,50,215.47182035446167,6.0,0.9497354497354497,0.12,4.0,398,633356605068,50,195.47407984733582,5.8,0.9452513227513226,0.116,5.2,399,293597788666,50,223.10992407798767,1124.633718252182,278.65046858787537
114,14,1.4,5,9,11,14,9,11,0,0,0,0,0,0,0,0,0,0,0.028,0.8454908995010004,3.61757138393787,0,0,0,0,0,0,1.56,1.8800000000000001,0.9455972222222222,0.0376,0.6858571279792899,0.15999999999999998,0.03336877424040727,0.0032000000000000006,5,2.0,0.9153009259259259,0.04,1.2,320,809132025421,50,120.29465341567993,2.0,0.8968055555555556,0.04,0.6,321,990676108683,50,118.15913319587708,2.0,0.9830324074074074,0.04,2.0,322,125914321520,50,73.19637060165405,1.6,0.9663425925925926,0.032,2.6,323,633356605068,50,82.38592720031738,1.8,0.9665046296296296,0.036,1.4,324,293597788666,50,81.09094309806824,475.1270275115967,0.0009620189666748047
115,14,1.4,5,9,11,14,0,0,0,0,0,0,0,0,0,0,0,0,0.012799999999999999,0.7712629994312672,2.263764683262268,0,0,0,0,0,0,1.04,1.1199999999999999,0.9181481481481482,0.0224,0.4079215610874228,0.15999999999999998,0.04896171623896032,0.0032,5,1.4,0.9441666666666667,0.028,0.8,365,809132025421,50,42.03988552093506,1.0,0.8829629629629631,0.02,1.2,366,990676108683,50,69.99414396286011,1.0,0.8571296296296296,0.02,1.6,367,125914321520,50,78.96215462684631,1.2,0.9973148148148148,0.024,0.4,368,633356605068,50,24.428626537322998,1.0,0.9091666666666667,0.02,1.2,369,293597788666,50,57.63279104232788,273.05760169029236,0.0007510185241699219
116,13,1.3,5,9,11,14,11,12,9,12,9,10,0,0,0,0,0,0,0.03890230782887368,0.845303179343627,3.956581803638303,0,0,0,0,0,0,2.3200000000000003,2.92,0.9297407407407408,0.058399999999999994,0.5455272678794342,0.3249615361854384,0.028145853799037935,0.006499230723708771,5,2.8,0.9461342592592593,0.056,3.0,360,809132025421,50,142.4171371459961,2.6,0.8816666666666666,0.052,1.6,361,990676108683,50,211.94119715690613,3.4,0.9656712962962962,0.068,2.4,362,125914321520,50,119.43776059150696,3.2,0.9212499999999999,0.064,1.8,363,633356605068,50,150.9338400363922,2.6,0.9339814814814813,0.052,2.8,364,293597788666,50,132.28042793273926,757.0103628635406,0.0009596347808837891
117,10,1.0,5,9,10,14,11,14,10,11,9,13,11,13,11,14,9,10,0.10082106723119177,0.8836153498945905,7.219333251008479,0,0,0,0,0,0,4.5200000000000005,5.8,0.9494689153439152,0.11599999999999999,0.8997777503361594,0.2529822128134703,0.021951188483108265,0.005059644256269404,5,5.4,0.910486111111111,0.108,4.0,400,809132025421,50,307.68631863594055,6.0,0.9582142857142856,0.12,3.6,401,990676108683,50,216.18776392936707,6.0,0.943280423280423,0.12,3.8,402,125914321520,50,237.2087790966034,5.6,0.9602182539682538,0.112,5.8,403,633356605068,50,194.25692653656006,6.0,0.9751455026455025,0.12,5.4,404,293597788666,50,155.38402557373047,1110.7238137722015,307.6991319656372
118,14,1.4,5,9,11,14,9,12,9,10,0,0,0,0,0,0,0,0,0.03916367385196111,0.8353572246665657,2.6597142273814365,0,0,0,0,0,0,1.9600000000000002,2.8400000000000003,0.935567901234568,0.056799999999999996,0.23323807579381206,0.2939387691339814,0.03340355885600075,0.0058787753826796295,5,2.6,0.9325617283950617,0.052,1.8,405,809132025421,50,122.08681178092957,2.6,0.9669444444444445,0.052,2.0,406,990676108683,50,111.93886208534241,3.2,0.9720061728395062,0.064,2.2,407,125914321520,50,108.88390231132507,3.2,0.9272222222222224,0.064,1.6,408,633356605068,50,121.47537159919739,2.6,0.8791049382716049,0.052,2.2,409,293597788666,50,171.5000340938568,635.8849818706512,171.7582516670227
119,12,1.2,5,9,11,14,0,0,0,0,0,0,0,0,0,0,0,0,0.016,0.8186400822320665,2.403443165779919,0,0,0,0,0,0,1.24,1.04,0.9376481481481482,0.020800000000000003,0.38781438859330636,0.07999999999999999,0.03966935530536055,0.0016,5,1.2,0.9652777777777779,0.024,1.0,410,809132025421,50,36.20263051986694,1.0,0.9837962962962964,0.02,1.6,411,990676108683,50,27.429505109786987,1.0,0.9537037037037037,0.02,1.8,412,125914321520,50,40.955599308013916,1.0,0.8742592592592593,0.02,0.8,413,633356605068,50,70.59702634811401,1.0,0.9112037037037037,0.02,1.0,414,293597788666,50,55.87835383415222,231.06311511993408,70.79200267791748
120,12,1.2,5,10,11,14,0,0,0,0,0,0,0,0,0,0,0,0,0.016,0.8186400822320665,2.403443165779919,0,0,0,0,0,0,1.24,1.04,0.9376481481481482,0.020800000000000003,0.38781438859330636,0.07999999999999999,0.03966935530536055,0.0016,5,1.2,0.9652777777777779,0.024,1.0,410,809132025421,50,36.20263051986694,1.0,0.9837962962962964,0.02,1.6,411,990676108683,50,27.429505109786987,1.0,0.9537037037037037,0.02,1.8,412,125914321520,50,40.955599308013916,1.0,0.8742592592592593,0.02,0.8,413,633356605068,50,70.59702634811401,1.0,0.9112037037037037,0.02,1.0,414,293597788666,50,55.87835383415222,231.06311511993408,0.0021517276763916016
121,13,1.3,5,10,11,13,9,11,10,11,0,0,0,0,0,0,0,0,0.029362353167377314,0.8863403091364677,1.6179977728257458,0,0,0,0,0,0,0.72,2.08,0.942472222222222,0.0416,0.2993325909419153,0.20396078054371136,0.018710637695251466,0.0040792156108742286,5,2.0,0.9399999999999998,0.04,0.8,375,809132025421,50,96.19190073013306,1.8,0.9158333333333332,0.036,0.4,376,990676108683,50,113.85468363761902,2.2,0.9725462962962963,0.044,0.4,377,125914321520,50,73.93833541870117,2.4,0.933935185185185,0.048,1.2,378,633356605068,50,96.44392371177673,2.0,0.9500462962962962,0.04,0.8,379,293597788666,50,87.78074383735657,468.20958733558655,0.001965761184692383
122,10,1.0,5,10,11,13,9,11,0,0,0,0,0,0,0,0,0,0,0.016000000000000004,0.9136428578844943,2.026996659238619,0,0,0,0,0,0,0.68,1.52,0.9614166666666666,0.0304,0.4489988864128729,0.24000000000000005,0.015924602927390775,0.004799999999999999,5,1.8,0.9431944444444442,0.036,1.4,415,809132025421,50,83.08522439002991,1.4,0.9711805555555555,0.028,0.0,416,990676108683,50,72.69465112686157,1.4,0.9685416666666666,0.028,0.8,417,125914321520,50,71.69247221946716,1.8,0.9422222222222221,0.036,0.6,418,633356605068,50,83.54477953910828,1.2,0.9819444444444443,0.024,0.6,419,293597788666,50,66.32232332229614,377.33945059776306,83.7465980052948
123,12,1.2,5,10,11,13,11,14,0,0,0,0,0,0,0,0,0,0,0.022162353167377316,0.9389349673393933,3.444994432064365,0,0,0,0,0,0,1.2,1.72,0.9731249999999999,0.0344,0.7483314773547883,0.20396078054371142,0.011396677553535522,0.004079215610874228,5,1.8,0.964861111111111,0.036,0.8,420,809132025421,50,61.438624143600464,2.0,0.969074074074074,0.04,2.0,421,990676108683,50,61.44629740715027,1.8,0.9952777777777778,0.036,0.6,422,125914321520,50,43.985822439193726,1.4,0.9646296296296296,0.028,0.4,423,633356605068,50,63.77871036529541,1.6,0.9717824074074073,0.032,2.2,424,293597788666,50,59.39883613586426,290.0482904911041,63.90384125709534
124,14,1.4,5,10,11,14,9,12,0,0,0,0,0,0,0,0,0,0,0.03304244923464075,0.8557754324626354,2.5928342194594842,0,0,0,0,0,0,1.48,2.24,0.9308796296296297,0.0448,0.3709447398198282,0.19595917942265423,0.025034732388998074,0.003919183588453084,5,2.2,0.9108796296296298,0.044,1.4,425,809132025421,50,112.47519373893738,2.6,0.9681944444444444,0.052,1.2,426,990676108683,50,73.38750386238098,2.2,0.9510648148148149,0.044,1.8,427,125914321520,50,87.28122615814209,2.2,0.9228703703703705,0.044,2.0,428,633356605068,50,105.4949266910553,2.0,0.9013888888888889,0.04,1.0,429,293597788666,50,125.27902293205261,503.91787338256836,125.31304693222046
125,14,1.4,5,10,11,14,9,10,0,0,0,0,0,0,0,0,0,0,0.02,0.8179997550708265,2.719428454762872,0,0,0,0,0,0,1.3199999999999998,1.48,0.9107592592592593,0.029599999999999998,0.46647615158762407,0.16000000000000006,0.030919834729477617,0.003199999999999999,5,1.4,0.8732870370370371,0.028,0.8,430,809132025421,50,135.26064252853394,1.4,0.9282407407407406,0.028,2.0,431,990676108683,50,115.17116212844849,1.8,0.9583333333333331,0.036,1.4,432,125914321520,50,74.5039587020874,1.4,0.8823611111111112,0.028,0.8,433,633356605068,50,129.03240156173706,1.4,0.9115740740740739,0.028,1.6,434,293597788666,50,107.7943868637085,561.7625517845154,135.27711653709412
126,13,1.3,5,10,11,13,0,0,0,0,0,0,0,0,0,0,0,0,0.007820022271742543,0.8019618256664895,1.641816307401944,0,0,0,0,0,0,0.76,0.8400000000000001,0.9533333333333331,0.016800000000000002,0.29393876913398137,0.14966629547095767,0.05045716922228122,0.002993325909419153,5,1.0,0.9958333333333332,0.02,0.8,435,809132025421,50,25.434455156326294,1.0,0.8556944444444444,0.02,0.2,436,990676108683,50,62.026792764663696,0.6,0.9870833333333332,0.012,1.0,437,125914321520,50,30.944446086883545,0.8,0.967361111111111,0.016,0.8,438,633356605068,50,34.720356941223145,0.8,0.9606944444444444,0.016,1.0,439,293597788666,50,37.10278654098511,190.2288374900818,62.13400220870972
127,14,1.4,5,10,11,14,9,11,0,0,0,0,0,0,0,0,0,0,0.028,0.8454908995010004,3.61757138393787,0,0,0,0,0,0,1.56,1.8800000000000001,0.9455972222222222,0.0376,0.6858571279792899,0.15999999999999998,0.03336877424040727,0.0032000000000000006,5,2.0,0.9153009259259259,0.04,1.2,320,809132025421,50,120.29465341567993,2.0,0.8968055555555556,0.04,0.6,321,990676108683,50,118.15913319587708,2.0,0.9830324074074074,0.04,2.0,322,125914321520,50,73.19637060165405,1.6,0.9663425925925926,0.032,2.6,323,633356605068,50,82.38592720031738,1.8,0.9665046296296296,0.036,1.4,324,293597788666,50,81.09094309806824,475.1270275115967,0.0023643970489501953
128,14,1.4,5,10,11,14,9,12,9,10,0,0,0,0,0,0,0,0,0.03916367385196111,0.8353572246665657,2.6597142273814365,0,0,0,0,0,0,1.9600000000000002,2.8400000000000003,0.935567901234568,0.056799999999999996,0.23323807579381206,0.2939387691339814,0.03340355885600075,0.0058787753826796295,5,2.6,0.9325617283950617,0.052,1.8,405,809132025421,50,122.08681178092957,2.6,0.9669444444444445,0.052,2.0,406,990676108683,50,111.93886208534241,3.2,0.9720061728395062,0.064,2.2,407,125914321520,50,108.88390231132507,3.2,0.9272222222222224,0.064,1.6,408,633356605068,50,121.47537159919739,2.6,0.8791049382716049,0.052,2.2,409,293597788666,50,171.5000340938568,635.8849818706512,0.001964092254638672
129,14,1.4,5,10,9,10,11,14,10,12,0,0,0,0,0,0,0,0,0.027920159363182193,0.8702205570651816,2.7928342194594844,0,0,0,0,0,0,1.6800000000000002,2.4,0.9302037037037035,0.048,0.3709447398198282,0.3346640106136302,0.01999438221284064,0.006693280212272603,5,2.2,0.9056481481481482,0.044,1.6,440,809132025421,50,149.5965452194214,2.4,0.9612345679012345,0.048,1.0,441,990676108683,50,94.1700689792633,2.4,0.9313425925925923,0.048,1.8,442,125914321520,50,107.1808934211731,3.0,0.9405864197530863,0.06,2.0,443,633356605068,50,108.39734554290771,2.0,0.9122067901234567,0.04,2.0,444,293597788666,50,145.11042022705078,604.4552733898163,149.60920190811157
130,10,1.0,5,10,11,14,11,14,11,12,0,0,0,0,0,0,0,0,0.03599999999999999,0.8449275268460498,3.595647024893403,0,0,0,0,0,0,1.7600000000000002,2.2800000000000002,0.9261604938271603,0.045599999999999995,0.6118823416311342,0.15999999999999998,0.027077655660370164,0.0032,5,2.2,0.9669135802469135,0.044,1.4,445,809132025421,50,74.52074861526489,2.2,0.9089814814814812,0.044,2.0,446,990676108683,50,156.78791069984436,2.2,0.907283950617284,0.044,1.6,447,125914321520,50,154.08269715309143,2.6,0.949722222222222,0.052,2.8,448,633356605068,50,87.18684911727905,2.2,0.8979012345679012,0.044,1.0,449,293597788666,50,146.6669523715973,619.245157957077,156.8068037033081
131,10,1.0,5,10,11,13,9,11,9,10,0,0,0,0,0,0,0,0,0.02852122461732038,0.9125859636028433,1.613938769133981,0,0,0,0,0,0,1.3199999999999998,1.72,0.9533611111111109,0.0344,0.09797958971132709,0.09797958971132709,0.01359171583608922,0.0019595917942265405,5,1.6,0.9425925925925923,0.032,1.4,450,809132025421,50,107.45580768585205,1.8,0.9693518518518515,0.036,1.2,451,990676108683,50,93.79847526550293,1.8,0.9704166666666665,0.036,1.4,452,125914321520,50,89.80558037757874,1.8,0.9396759259259256,0.036,1.4,453,633356605068,50,99.63438963890076,1.6,0.9447685185185183,0.032,1.2,454,293597788666,50,103.51731991767883,494.2115728855133,107.47401642799377
