,robot_speed,robot_speed_kmh,simulation_duration,generation,robot_0_start,robot_0_end,robot_1_start,robot_1_end,robot_2_start,robot_2_end,robot_3_start,robot_3_end,robot_4_start,robot_4_end,robot_5_start,robot_5_end,robot_6_start,robot_6_end,robot_7_start,robot_7_end,robot_8_start,robot_8_end,robot_9_start,robot_9_end,num_risks,num_delivered,utilization_rate,delivery_rate,num_risks_std,num_delivered_std,utilization_rate_std,delivery_rate_std,simulations,num_delivered_0,utilization_rate_0,delivery_rate_0,num_risks_0,unique_id_0,seed_0,requests_per_hour_0,execution_time_0,num_delivered_1,utilization_rate_1,delivery_rate_1,num_risks_1,unique_id_1,seed_1,requests_per_hour_1,execution_time_1,num_delivered_2,utilization_rate_2,delivery_rate_2,num_risks_2,unique_id_2,seed_2,requests_per_hour_2,execution_time_2,num_delivered_3,utilization_rate_3,delivery_rate_3,num_risks_3,unique_id_3,seed_3,requests_per_hour_3,execution_time_3,num_delivered_4,utilization_rate_4,delivery_rate_4,num_risks_4,unique_id_4,seed_4,requests_per_hour_4,execution_time_4,sequential_execution_time,execution_time
0,162,16.2,5,0,12,14,11,14,11,14,12,14,9,11,10,11,11,14,9,12,9,12,9,11,17.640000000000004,23.839999999999996,0.9662175925925925,0.2384,1.9365949499056327,0.07999999999999971,0.003802671927212282,0.0008000000000000007,5,23.8,0.9679027777777778,0.238,16.0,0,930991777518,100,244.7181327342987,23.8,0.9640833333333333,0.238,18.2,1,904228343075,100,263.21290397644043,24.0,0.9721805555555555,0.24,21.2,2,457233886569,100,220.81459093093872,23.8,0.9608009259259258,0.238,16.4,3,201003626707,100,275.5136630535126,23.8,0.9661203703703704,0.238,16.4,4,364265544451,100,253.9656126499176,1258.224903345108,0.0010986328125
1,196,19.6,5,0,12,13,9,11,9,13,10,11,10,14,0,0,0,0,0,0,0,0,0,0,10.52,12.040000000000001,0.9511388888888886,0.1204,1.671406593262094,0.07999999999999971,0.006895074507874143,0.0008000000000000007,5,12.0,0.962861111111111,0.12,12.2,5,930991777518,100,166.3057940006256,12.0,0.9524861111111109,0.12,12.6,6,904228343075,100,181.1064395904541,12.0,0.9418472222222221,0.12,8.4,7,457233886569,100,210.33805966377258,12.2,0.9508333333333333,0.122,10.4,8,201003626707,100,176.44152736663818,12.0,0.9476666666666664,0.12,9.0,9,364265544451,100,193.6378800868988,927.8297007083893,0.0007772445678710938
2,102,10.2,5,0,11,14,11,14,10,11,9,11,10,11,9,12,10,13,0,0,0,0,0,0,10.88,14.6,0.9498227513227512,0.146,2.07306536317599,0.2828427124746193,0.013965265808926297,0.0028284271247461927,5,14.4,0.9545171957671957,0.144,13.2,10,930991777518,100,241.73658227920532,14.8,0.9657010582010582,0.148,11.8,11,904228343075,100,206.20111393928528,15.0,0.9586177248677247,0.15,7.2,12,457233886569,100,215.1286175251007,14.2,0.9253306878306878,0.142,12.0,13,201003626707,100,301.8925795555115,14.6,0.94494708994709,0.146,10.2,14,364265544451,100,247.37133049964905,1212.3302237987518,0.0007314682006835938
3,107,10.7,5,0,12,14,11,13,11,13,12,13,10,11,9,13,12,13,0,0,0,0,0,0,9.799999999999999,11.96,0.945924603174603,0.1196,1.4254823744964373,0.36660605559646725,0.0193990018068207,0.0036660605559646698,5,11.6,0.9344146825396823,0.116,12.4,15,930991777518,100,240.907053232193,12.0,0.9496726190476188,0.12,10.0,16,904228343075,100,216.10231566429138,12.6,0.9715079365079363,0.126,8.2,17,457233886569,100,171.76854157447815,11.6,0.9155456349206348,0.116,9.0,18,201003626707,100,291.3394763469696,12.0,0.9584821428571427,0.12,9.4,19,364265544451,100,195.3562777042389,1115.473664522171,0.0007228851318359375
4,12,1.2,5,0,12,14,12,14,10,13,12,14,9,13,10,11,9,10,11,13,12,14,0,0,4.6,8.0,0.9427736625514402,0.08000000000000002,1.1171392035015153,0.5215361924162121,0.010882055153843152,0.005215361924162118,5,7.0,0.950784465020576,0.07,4.8,20,930991777518,100,295.82975792884827,8.2,0.9309542181069959,0.082,6.4,21,904228343075,100,406.2110950946808,8.4,0.9343801440329218,0.084,3.0,22,457233886569,100,372.41264486312866,8.4,0.9378446502057611,0.084,4.0,23,201003626707,100,394.99546337127686,8.0,0.9599048353909464,0.08,4.8,24,364265544451,100,295.20084142684937,1764.649802684784,0.0007412433624267578
5,184,18.4,5,0,10,11,10,14,12,14,9,13,11,14,12,13,10,13,0,0,0,0,0,0,14.24,18.080000000000002,0.9596051587301584,0.1808,2.1555509736491967,0.09797958971132678,0.003596489211006529,0.000979795897113272,5,18.0,0.9652248677248675,0.18,16.8,25,930991777518,100,183.6246690750122,18.0,0.9565542328042326,0.18,12.8,26,904228343075,100,204.95889711380005,18.2,0.9549636243386244,0.182,10.8,27,457233886569,100,204.40951418876648,18.0,0.9604265873015871,0.18,15.6,28,201003626707,100,226.0324251651764,18.2,0.9608564814814814,0.182,15.2,29,364265544451,100,224.6318483352661,1043.6573538780212,0.0007278919219970703
6,186,18.6,5,0,11,14,10,13,9,13,12,13,10,14,12,14,10,14,11,13,10,11,9,11,19.76,26.160000000000004,0.9560782407407407,0.2616,1.5147276983009197,0.2332380757938112,0.005749636439571002,0.002332380757938122,5,26.2,0.9586481481481481,0.262,18.8,30,930991777518,100,273.17463994026184,25.8,0.9478449074074075,0.258,21.6,31,904228343075,100,331.92051339149475,26.4,0.9590856481481481,0.264,20.0,32,457233886569,100,258.83567667007446,26.4,0.9636643518518518,0.264,21.0,33,201003626707,100,222.90264320373535,26.0,0.9511481481481481,0.26,17.4,34,364265544451,100,326.4652330875397,1413.298706293106,0.0007266998291015625
7,121,12.1,5,0,9,11,10,11,11,14,9,11,9,10,11,13,9,11,9,13,0,0,0,0,10.64,16.080000000000002,0.9584768518518517,0.1608,0.7199999999999999,0.15999999999999942,0.014002648338002069,0.0016000000000000014,5,16.0,0.9732581018518518,0.16,11.6,35,930991777518,100,214.45685386657715,16.2,0.9689583333333331,0.162,10.6,36,904228343075,100,220.73365092277527,15.8,0.9329542824074073,0.158,9.4,37,457233886569,100,316.184602022171,16.2,0.9591493055555554,0.162,11.0,38,201003626707,100,234.46166586875916,16.2,0.9580642361111109,0.162,10.6,39,364265544451,100,245.57251715660095,1231.4092898368835,0.0007195472717285156
8,50,5.0,5,0,12,13,12,13,10,11,10,11,9,10,11,12,12,14,12,14,11,12,0,0,5.4799999999999995,8.639999999999999,0.9411049382716046,0.08639999999999999,1.4455448799674122,0.2653299832284323,0.0036261504909505947,0.002653299832284318,5,8.2,0.9395370370370367,0.082,5.8,40,930991777518,100,277.96513319015503,9.0,0.9434722222222219,0.09,5.0,41,904228343075,100,260.3275375366211,8.6,0.9415586419753085,0.086,3.6,42,457233886569,100,287.70767188072205,8.8,0.9458024691358022,0.088,5.0,43,201003626707,100,266.79800963401794,8.6,0.9351543209876539,0.086,8.0,44,364265544451,100,289.8048961162567,1382.6032483577728,0.0006959438323974609
9,16,1.6,5,0,9,13,10,12,10,11,10,13,12,14,9,12,9,10,12,14,0,0,0,0,5.0,8.64,0.9431776620370371,0.08639999999999999,1.1933147112141038,0.3200000000000001,0.022316276789192825,0.003199999999999997,5,8.4,0.9761197916666665,0.084,5.0,45,930991777518,100,259.5017468929291,8.6,0.9102604166666666,0.086,6.6,46,904228343075,100,482.29400157928467,8.2,0.9341984953703704,0.082,3.4,47,457233886569,100,442.14284801483154,9.0,0.9576707175925926,0.09,4.0,48,201003626707,100,330.797837972641,9.0,0.9376388888888889,0.09,6.0,49,364265544451,100,377.6289448738098,1892.365379333496,0.0007262229919433594
10,140,14.0,5,0,12,13,12,14,9,11,10,13,11,13,12,14,9,12,11,14,11,12,0,0,14.680000000000001,18.52,0.9644619341563786,0.18519999999999998,0.7222188034107115,0.2039607805437122,0.009454768669579847,0.002039607805437116,5,18.2,0.9484876543209876,0.182,15.2,50,930991777518,100,270.77823877334595,18.4,0.9720730452674897,0.184,15.8,51,904228343075,100,203.35076427459717,18.6,0.9641923868312756,0.186,13.8,52,457233886569,100,214.62083292007446,18.6,0.9618312757201646,0.186,14.2,53,201003626707,100,231.51464366912842,18.8,0.9757253086419753,0.188,14.4,54,364265544451,100,166.62677335739136,1086.8912529945374,0.0007274150848388672
11,106,10.6,5,0,11,13,11,12,9,12,12,13,11,13,11,14,12,14,9,13,0,0,0,0,12.52,16.439999999999998,0.9569328703703702,0.16440000000000002,1.070327052820772,0.14966629547095864,0.01215507074378047,0.0014966629547095778,5,16.2,0.9613483796296296,0.162,14.0,55,930991777518,100,250.51425981521606,16.6,0.972300347222222,0.166,13.0,56,904228343075,100,187.1072518825531,16.4,0.9385011574074074,0.164,12.8,57,457233886569,100,266.6277861595154,16.4,0.9478182870370369,0.164,12.0,58,201003626707,100,254.88906955718994,16.6,0.9646961805555555,0.166,10.8,59,364265544451,100,217.42254781723022,1176.5609152317047,0.0007205009460449219
12,184,18.4,5,1,12,13,9,11,10,13,10,13,0,0,0,0,0,0,0,0,0,0,0,0,7.4399999999999995,9.040000000000001,0.9623634259259258,0.0904,0.82365041127896,0.07999999999999971,0.004840821855989561,0.0008000000000000007,5,9.0,0.965810185185185,0.09,8.6,60,930991777518,100,132.30473637580872,9.0,0.9584722222222222,0.09,6.6,61,904228343075,100,149.5305621623993,9.0,0.9547685185185184,0.09,6.6,62,457233886569,100,170.57996678352356,9.2,0.9661111111111109,0.092,7.2,63,201003626707,100,135.21606254577637,9.0,0.9666550925925924,0.09,8.2,64,364265544451,100,142.10587882995605,729.737206697464,0.0007104873657226562
13,195,19.5,5,1,10,14,12,14,9,13,12,13,9,12,12,13,9,12,0,0,0,0,0,0,15.560000000000002,18.04,0.9483015873015873,0.18039999999999998,1.4880860190190615,0.07999999999999971,0.00501211430660886,0.0008000000000000007,5,18.0,0.956464947089947,0.18,15.4,65,930991777518,100,224.11853742599487,18.0,0.9504365079365079,0.18,18.2,66,904228343075,100,229.37096190452576,18.2,0.9418386243386243,0.182,13.8,67,457233886569,100,246.1055200099945,18.0,0.9480092592592593,0.18,14.6,68,201003626707,100,255.05899214744568,18.0,0.9447585978835978,0.18,15.8,69,364265544451,100,236.2053816318512,1190.859393119812,0.0007185935974121094
14,186,18.6,5,1,11,14,10,13,10,14,12,13,9,13,12,14,10,13,11,13,10,11,9,11,19.04,25.16,0.9558097222222223,0.2516,1.0384603988597734,0.14966629547095714,0.003673702681535052,0.0014966629547095778,5,25.2,0.9606782407407406,0.252,19.0,70,930991777518,100,256.0465087890625,25.0,0.9518425925925926,0.25,20.8,71,904228343075,100,287.97831892967224,25.4,0.957111111111111,0.254,19.2,72,457233886569,100,268.690190076828,25.2,0.9581666666666665,0.252,17.6,73,201003626707,100,253.18484663963318,25.0,0.9512499999999999,0.25,18.6,74,364265544451,100,314.48903727531433,1380.3889017105103,0.0007364749908447266
15,183,18.3,5,1,9,13,12,14,9,13,10,12,12,13,10,12,0,0,0,0,0,0,0,0,11.08,15.0,0.9529328703703703,0.15,0.6997142273814363,0.0,0.004616936302684407,0.0,5,15.0,0.9461574074074073,0.15,12.4,75,930991777518,100,226.96400141716003,15.0,0.9516898148148146,0.15,10.6,76,904228343075,100,200.57685446739197,15.0,0.9507407407407408,0.15,10.6,77,457233886569,100,216.68419408798218,15.0,0.959085648148148,0.15,11.2,78,201003626707,100,201.52773547172546,15.0,0.9569907407407406,0.15,10.6,79,364265544451,100,217.7818808555603,1063.53466629982,0.0007216930389404297
16,184,18.4,5,1,10,11,10,14,9,13,10,13,11,14,10,11,10,13,0,0,0,0,0,0,14.12,19.080000000000002,0.9579510582010581,0.1908,1.7599999999999998,0.09797958971132678,0.006712418071559822,0.000979795897113272,5,19.0,0.9676984126984126,0.19,13.4,80,930991777518,100,194.32457423210144,19.0,0.9511408730158729,0.19,13.4,81,904228343075,100,233.00860595703125,19.2,0.9505125661375661,0.192,15.0,82,457233886569,100,238.07463431358337,19.0,0.9571660052910053,0.19,11.8,83,201003626707,100,237.90364003181458,19.2,0.9632374338624338,0.192,17.0,84,364265544451,100,215.39149475097656,1118.7029492855072,0.0007059574127197266
17,121,12.1,5,1,9,11,10,11,10,14,12,14,9,10,11,13,9,11,9,12,0,0,0,0,12.120000000000001,16.04,0.9584045138888886,0.16040000000000001,1.94976921711263,0.2939387691339803,0.0144586102440172,0.0029393876913398165,5,15.8,0.9666174768518517,0.158,15.2,85,930991777518,100,242.09694075584412,16.4,0.9702777777777776,0.164,10.4,86,904228343075,100,205.4984712600708,15.8,0.9362152777777777,0.158,9.8,87,457233886569,100,298.39892411231995,15.8,0.9463744212962962,0.158,13.2,88,201003626707,100,313.5635235309601,16.4,0.9725376157407406,0.164,12.0,89,364265544451,100,209.62167692184448,1269.1795365810394,0.0006890296936035156
18,103,10.3,5,1,12,14,11,14,10,13,12,14,12,14,10,11,9,12,11,13,0,0,0,0,12.559999999999999,16.6,0.9686817129629629,0.166,1.0537551897855593,0.2828427124746195,0.012679328893686441,0.0028284271247461927,5,16.2,0.959855324074074,0.162,13.4,90,930991777518,100,232.6148180961609,16.8,0.9812673611111111,0.168,14.0,91,904228343075,100,166.10902667045593,16.4,0.9513252314814815,0.164,12.0,92,457233886569,100,258.404584646225,17.0,0.9848032407407405,0.17,11.0,93,201003626707,100,150.75895524024963,16.6,0.9661574074074073,0.166,12.4,94,364265544451,100,244.36670303344727,1052.2540876865387,0.0006802082061767578
19,15,1.5,5,1,11,13,9,12,12,13,10,11,11,14,9,13,12,14,0,0,0,0,0,0,3.8000000000000007,7.24,0.9479146825396825,0.0724,0.6324555320336759,0.23323807579381195,0.009086956837495268,0.0023323807579381166,5,7.2,0.9569378306878306,0.072,3.0,95,930991777518,100,262.7366235256195,7.4,0.9459358465608465,0.074,3.4,96,904228343075,100,323.4185633659363,7.0,0.9317394179894178,0.07,4.2,97,457233886569,100,376.2890145778656,7.0,0.9490013227513227,0.07,4.8,98,201003626707,100,272.67972135543823,7.6,0.9559589947089947,0.076,3.6,99,364265544451,100,296.675030708313,1531.7989535331726,0.0006835460662841797
20,12,1.2,5,1,12,14,11,14,9,11,12,14,9,13,10,13,9,11,10,12,9,11,0,0,5.040000000000001,9.760000000000002,0.9566625514403292,0.09759999999999999,1.28,0.5425863986500219,0.016295355518398003,0.005425863986500213,5,9.2,0.9611599794238681,0.092,4.2,100,930991777518,100,347.2729456424713,10.4,0.9758204732510288,0.104,4.2,101,904228343075,100,260.59640526771545,10.4,0.9493775720164608,0.104,5.4,102,457233886569,100,381.47893500328064,9.2,0.9290689300411521,0.092,4.0,103,201003626707,100,475.40521144866943,9.6,0.9678858024691359,0.096,7.4,104,364265544451,100,310.0508794784546,1774.8043768405914,0.000701904296875
21,186,18.6,5,1,11,14,10,13,10,14,9,13,12,14,10,11,11,13,0,0,0,0,0,0,14.280000000000001,19.04,0.9552314814814815,0.19039999999999999,1.389100428334827,0.14966629547095714,0.005129578209887195,0.0014966629547095778,5,19.0,0.9569345238095238,0.19,15.4,105,930991777518,100,223.1952269077301,18.8,0.9492063492063492,0.188,13.2,106,904228343075,100,259.61148738861084,19.2,0.9500992063492062,0.192,12.4,107,457233886569,100,232.26706051826477,19.0,0.9566931216931217,0.19,16.2,108,201003626707,100,239.62860941886902,19.2,0.9632242063492064,0.192,14.2,109,364265544451,100,203.90989685058594,1158.6122810840607,0.0006849765777587891
22,12,1.2,5,1,12,14,9,12,9,10,9,11,12,13,9,10,9,11,12,13,0,0,0,0,2.44,5.159999999999999,0.941991898148148,0.0516,0.3199999999999999,0.23323807579381223,0.006856231200261075,0.002332380757938119,5,4.8,0.9446296296296295,0.048,2.8,110,930991777518,100,303.5522463321686,5.4,0.9469618055555553,0.054,2.2,111,904228343075,100,297.33456587791443,5.2,0.9333622685185183,0.052,2.4,112,457233886569,100,325.1479263305664,5.4,0.9505150462962961,0.054,2.0,113,201003626707,100,290.5629577636719,5.0,0.9344907407407406,0.05,2.8,114,364265544451,100,360.04527521133423,1576.6429715156555,0.0008380413055419922
23,107,10.7,5,1,12,14,12,14,12,14,11,14,10,11,9,10,10,13,12,13,0,0,0,0,9.919999999999998,13.959999999999999,0.9558078703703703,0.1396,2.310324652510984,0.14966629547095714,0.00904690267097535,0.001496662954709569,5,13.8,0.9504745370370369,0.138,11.6,115,930991777518,100,242.28847789764404,14.2,0.9615046296296295,0.142,8.0,116,904228343075,100,214.52231740951538,14.0,0.9628645833333332,0.14,6.4,117,457233886569,100,206.34775352478027,14.0,0.9637384259259258,0.14,12.4,118,201003626707,100,221.05339407920837,13.8,0.9404571759259257,0.138,11.2,119,364265544451,100,287.14857244491577,1171.3605153560638,0.0006990432739257812
24,50,5.0,5,2,12,13,12,13,10,11,10,11,9,10,11,12,12,14,12,14,11,12,0,0,5.4799999999999995,8.639999999999999,0.9411049382716046,0.08639999999999999,1.4455448799674122,0.2653299832284323,0.0036261504909505947,0.002653299832284318,5,8.2,0.9395370370370367,0.082,5.8,40,930991777518,100,277.96513319015503,9.0,0.9434722222222219,0.09,5.0,41,904228343075,100,260.3275375366211,8.6,0.9415586419753085,0.086,3.6,42,457233886569,100,287.70767188072205,8.8,0.9458024691358022,0.088,5.0,43,201003626707,100,266.79800963401794,8.6,0.9351543209876539,0.086,8.0,44,364265544451,100,289.8048961162567,1382.6032483577728,0.000690460205078125
25,15,1.5,5,2,11,13,9,12,12,13,10,11,11,14,9,13,12,14,0,0,0,0,0,0,3.8000000000000007,7.24,0.9479146825396825,0.0724,0.6324555320336759,0.23323807579381195,0.009086956837495268,0.0023323807579381166,5,7.2,0.9569378306878306,0.072,3.0,95,930991777518,100,262.7366235256195,7.4,0.9459358465608465,0.074,3.4,96,904228343075,100,323.4185633659363,7.0,0.9317394179894178,0.07,4.2,97,457233886569,100,376.2890145778656,7.0,0.9490013227513227,0.07,4.8,98,201003626707,100,272.67972135543823,7.6,0.9559589947089947,0.076,3.6,99,364265544451,100,296.675030708313,1531.7989535331726,0.0006821155548095703
26,196,19.6,5,2,12,14,10,12,9,12,9,12,12,13,10,14,0,0,0,0,0,0,0,0,12.479999999999999,15.040000000000001,0.9510092592592592,0.1504,1.135605565326271,0.07999999999999971,0.004095801263677325,0.0008000000000000007,5,15.0,0.9551929012345678,0.15,14.6,120,930991777518,100,198.17499446868896,15.0,0.9452777777777778,0.15,11.2,121,904228343075,100,225.53729391098022,15.2,0.9474729938271604,0.152,12.4,122,457233886569,100,204.36167573928833,15.0,0.9555632716049383,0.15,12.0,123,201003626707,100,220.58497095108032,15.0,0.9515393518518517,0.15,12.2,124,364265544451,100,212.56143188476562,1061.2203669548035,0.0006773471832275391
27,195,19.5,5,2,9,11,12,13,9,12,9,10,9,12,0,0,0,0,0,0,0,0,0,0,8.12,10.0,0.9450648148148147,0.1,1.1426285485668561,0.0,0.012001936000665023,0.0,5,10.0,0.9669444444444443,0.1,8.8,125,930991777518,100,165.31135392189026,10.0,0.9477685185185184,0.1,8.0,126,904228343075,100,185.24183917045593,10.0,0.9339537037037037,0.1,7.6,127,457233886569,100,228.66317486763,10.0,0.9351666666666667,0.1,6.4,128,201003626707,100,219.6783721446991,10.0,0.9414907407407405,0.1,9.8,129,364265544451,100,194.92556715011597,993.8203072547913,0.0006701946258544922
28,15,1.5,5,2,9,11,10,14,9,11,9,10,10,13,12,14,9,11,11,12,0,0,0,0,4.68,7.68,0.9330648148148148,0.07680000000000001,0.7652450587883597,0.2993325909419153,0.029172207136540926,0.0029933259094191557,5,7.2,0.9307465277777777,0.072,4.6,130,930991777518,100,397.46897196769714,7.6,0.8779947916666666,0.076,3.6,131,904228343075,100,633.9567313194275,7.6,0.9568894675925925,0.076,6.0,132,457233886569,100,295.5458300113678,8.0,0.9432841435185184,0.08,4.6,133,201003626707,100,346.9759294986725,8.0,0.9564091435185185,0.08,4.6,134,364265544451,100,315.0626742839813,1989.0101370811462,0.0006899833679199219
29,121,12.1,5,2,11,13,11,12,9,11,12,13,10,11,9,12,9,13,0,0,0,0,0,0,9.4,13.280000000000001,0.9569801587301587,0.1328,1.784376641855637,0.20396078054371142,0.014420142581081923,0.002039607805437116,5,13.2,0.9591798941798941,0.132,11.2,135,930991777518,100,184.93848848342896,13.2,0.955459656084656,0.132,11.8,136,904228343075,100,198.9831199645996,13.6,0.9678108465608463,0.136,8.2,137,457233886569,100,177.77029943466187,13.4,0.9718287037037037,0.134,8.6,138,201003626707,100,179.44349193572998,13.0,0.9306216931216931,0.13,7.2,139,364265544451,100,257.13547945022583,998.2708792686462,0.0006775856018066406
30,12,1.2,5,2,12,14,9,12,9,10,9,11,12,13,9,10,9,11,12,13,0,0,0,0,2.44,5.159999999999999,0.941991898148148,0.0516,0.3199999999999999,0.23323807579381223,0.006856231200261075,0.002332380757938119,5,4.8,0.9446296296296295,0.048,2.8,110,930991777518,100,303.5522463321686,5.4,0.9469618055555553,0.054,2.2,111,904228343075,100,297.33456587791443,5.2,0.9333622685185183,0.052,2.4,112,457233886569,100,325.1479263305664,5.4,0.9505150462962961,0.054,2.0,113,201003626707,100,290.5629577636719,5.0,0.9344907407407406,0.05,2.8,114,364265544451,100,360.04527521133423,1576.6429715156555,0.0006988048553466797
31,121,12.1,5,2,9,11,10,11,11,14,9,11,9,10,11,13,9,11,9,13,0,0,0,0,10.64,16.080000000000002,0.9584768518518517,0.1608,0.7199999999999999,0.15999999999999942,0.014002648338002069,0.0016000000000000014,5,16.0,0.9732581018518518,0.16,11.6,35,930991777518,100,214.45685386657715,16.2,0.9689583333333331,0.162,10.6,36,904228343075,100,220.73365092277527,15.8,0.9329542824074073,0.158,9.4,37,457233886569,100,316.184602022171,16.2,0.9591493055555554,0.162,11.0,38,201003626707,100,234.46166586875916,16.2,0.9580642361111109,0.162,10.6,39,364265544451,100,245.57251715660095,1231.4092898368835,0.0006911754608154297
32,121,12.1,5,2,9,11,10,11,11,14,9,11,10,12,11,13,9,12,0,0,0,0,0,0,10.4,14.320000000000002,0.9674021164021165,0.14320000000000002,2.2873565528793276,0.27129319932501117,0.010369050403253938,0.002712931993250103,5,14.0,0.9662499999999998,0.14,13.2,140,930991777518,100,199.7137475013733,14.4,0.9750132275132274,0.144,7.2,141,904228343075,100,164.05477499961853,14.8,0.9827976190476189,0.148,9.8,142,457233886569,100,141.63325881958008,14.2,0.9575925925925926,0.142,9.0,143,201003626707,100,233.27281212806702,14.2,0.9553571428571429,0.142,12.8,144,364265544451,100,203.52819108963013,942.202784538269,0.0006809234619140625
33,183,18.3,5,2,9,13,12,14,9,12,10,12,10,11,10,12,0,0,0,0,0,0,0,0,11.320000000000002,14.0,0.952986111111111,0.14,1.5929846201391902,0.0,0.005509944907536508,0.0,5,14.0,0.9454320987654321,0.14,9.0,145,930991777518,100,237.00545072555542,14.0,0.9515895061728393,0.14,9.8,146,904228343075,100,208.79060435295105,14.0,0.9493402777777776,0.14,12.4,147,457233886569,100,222.0509123802185,14.0,0.9595640432098764,0.14,12.6,148,201003626707,100,204.14204359054565,14.0,0.9590046296296295,0.14,12.8,149,364265544451,100,214.84587001800537,1086.834881067276,0.0006921291351318359
34,193,19.3,5,2,10,14,11,14,12,14,9,12,10,11,11,12,9,12,9,12,9,11,0,0,15.6,22.12,0.9509022633744854,0.2212,1.425482374496437,0.09797958971132678,0.00597873055196685,0.000979795897113272,5,22.0,0.9534233539094649,0.22,16.6,150,930991777518,100,295.49557518959045,22.2,0.9572376543209875,0.222,15.6,151,904228343075,100,251.43910455703735,22.2,0.9533564814814812,0.222,13.2,152,457233886569,100,293.27516770362854,22.2,0.9508256172839504,0.222,15.2,153,201003626707,100,285.15968918800354,22.0,0.9396682098765433,0.22,17.4,154,364265544451,100,325.5179708003998,1450.8875074386597,0.0006816387176513672
35,163,16.3,5,2,10,12,10,12,12,14,9,11,11,13,9,12,9,12,0,0,0,0,0,0,12.16,15.919999999999998,0.9658624338624339,0.1592,0.9499473669630336,0.09797958971132678,0.005604194053179611,0.000979795897113272,5,16.0,0.9749867724867723,0.16,11.8,155,930991777518,100,157.69336318969727,15.8,0.9603042328042328,0.158,12.2,156,904228343075,100,215.7868926525116,16.0,0.9623809523809523,0.16,12.8,157,457233886569,100,200.3062834739685,16.0,0.9697420634920633,0.16,10.6,158,201003626707,100,180.947735786438,15.8,0.9618981481481482,0.158,13.4,159,364265544451,100,213.76252508163452,968.4968001842499,0.0006768703460693359
36,11,1.1,5,3,9,12,10,13,9,10,12,13,9,12,9,10,9,12,0,0,0,0,0,0,3.5200000000000005,5.2,0.9261349206349205,0.052000000000000005,0.530659966456864,0.3794733192202055,0.02090455266059231,0.0037947331922020557,5,4.6,0.9030026455026453,0.046,3.4,160,930991777518,100,488.15352177619934,5.6,0.9323809523809522,0.056,3.8,161,904228343075,100,415.6715953350067,5.2,0.9308862433862434,0.052,2.6,162,457233886569,100,410.9139666557312,5.0,0.9046825396825395,0.05,4.2,163,201003626707,100,487.7273678779602,5.6,0.9597222222222221,0.056,3.6,164,364265544451,100,329.8472306728363,2132.3136823177338,0.000690460205078125
37,197,19.7,5,3,9,13,12,14,9,12,10,11,12,13,12,13,0,0,0,0,0,0,0,0,9.24,12.040000000000001,0.9439189814814813,0.1204,1.7861690849412888,0.07999999999999971,0.006785886374424768,0.0008000000000000007,5,12.0,0.9451350308641975,0.12,11.8,165,930991777518,100,196.8400616645813,12.0,0.9354359567901233,0.12,7.4,166,904228343075,100,220.53153014183044,12.0,0.9371720679012343,0.12,7.4,167,457233886569,100,219.40096402168274,12.2,0.9483680555555556,0.122,10.8,168,201003626707,100,199.64207935333252,12.0,0.9534837962962962,0.12,8.8,169,364265544451,100,189.11102843284607,1025.525663614273,0.0006837844848632812
38,183,18.3,5,3,9,13,12,14,10,14,10,12,9,11,9,13,0,0,0,0,0,0,0,0,13.559999999999999,18.04,0.9595833333333331,0.18039999999999998,1.5869467539901903,0.07999999999999971,0.0020896893782403787,0.0008000000000000007,5,18.2,0.9579976851851851,0.182,12.0,170,930991777518,100,239.77218198776245,18.0,0.9635069444444443,0.18,13.4,171,904228343075,100,211.04383277893066,18.0,0.9590277777777777,0.18,13.0,172,457233886569,100,232.40743327140808,18.0,0.9576851851851852,0.18,16.6,173,201003626707,100,233.12221837043762,18.0,0.959699074074074,0.18,12.8,174,364265544451,100,228.32451462745667,1144.6701810359955,0.0006968975067138672
39,121,12.1,5,3,10,12,10,11,11,14,9,11,9,10,11,13,11,13,0,0,0,0,0,0,9.559999999999999,12.280000000000001,0.9560039682539682,0.12279999999999999,0.9583318840568751,0.2712931993250111,0.011051503313287685,0.00271293199325011,5,12.0,0.9540873015873015,0.12,9.4,175,930991777518,100,255.29939365386963,12.2,0.9502777777777778,0.122,9.4,176,904228343075,100,249.05782103538513,12.8,0.9733002645502644,0.128,8.8,177,457233886569,100,179.2772090435028,12.2,0.9618650793650793,0.122,11.4,178,201003626707,100,222.10711121559143,12.2,0.9404894179894179,0.122,8.8,179,364265544451,100,251.95440816879272,1157.6959431171417,0.0006906986236572266
40,184,18.4,5,3,10,11,10,14,12,14,9,13,12,13,9,12,9,11,0,0,0,0,0,0,11.96,17.0,0.9566210317460315,0.17,1.4880860190190621,0.0,0.004198497609520659,0.0,5,17.0,0.9586210317460316,0.17,11.6,180,930991777518,100,224.1583468914032,17.0,0.9556679894179894,0.17,13.0,181,904228343075,100,209.46267366409302,17.0,0.9492923280423279,0.17,11.6,182,457233886569,100,240.55892825126648,17.0,0.9575496031746031,0.17,9.6,183,201003626707,100,235.0232880115509,17.0,0.9619742063492062,0.17,14.0,184,364265544451,100,240.35864520072937,1149.561882019043,0.0006821155548095703
41,195,19.5,5,3,10,14,12,14,9,13,11,14,12,13,9,12,12,13,0,0,0,0,0,0,14.440000000000001,18.12,0.9519417989417989,0.18119999999999997,1.7681628884240272,0.09797958971132678,0.007170164890521255,0.000979795897113272,5,18.0,0.9572222222222223,0.18,16.0,185,930991777518,100,218.45453023910522,18.0,0.9467956349206348,0.18,13.8,186,904228343075,100,233.8590726852417,18.2,0.9404530423280422,0.182,12.4,187,457233886569,100,244.90552949905396,18.2,0.9593849206349205,0.182,13.0,188,201003626707,100,227.96368980407715,18.2,0.9558531746031743,0.182,17.0,189,364265544451,100,210.00147557258606,1135.184297800064,0.000682830810546875
42,194,19.4,5,3,10,14,12,14,9,11,12,13,9,12,12,13,9,13,0,0,0,0,0,0,12.32,17.119999999999997,0.9511501322751321,0.17120000000000002,1.750885490259143,0.15999999999999942,0.008119228854213253,0.0015999999999999888,5,17.0,0.9549603174603173,0.17,12.2,190,930991777518,100,249.49479460716248,17.0,0.9520304232804231,0.17,13.8,191,904228343075,100,233.14137244224548,17.2,0.9393253968253967,0.172,9.4,192,457233886569,100,261.4414508342743,17.0,0.9460846560846561,0.17,11.8,193,201003626707,100,258.91910576820374,17.4,0.9633498677248677,0.174,14.4,194,364265544451,100,162.66604661941528,1165.6627702713013,0.0006818771362304688
43,199,19.9,5,3,12,13,9,12,9,12,10,11,10,12,0,0,0,0,0,0,0,0,0,0,7.8,10.040000000000001,0.9493481481481482,0.1004,2.0591260281974,0.07999999999999971,0.006263234547411118,0.0007999999999999952,5,10.0,0.9604907407407406,0.1,11.6,195,930991777518,100,164.29145741462708,10.0,0.9463703703703704,0.1,7.4,196,904228343075,100,183.83029007911682,10.0,0.9417685185185185,0.1,5.8,197,457233886569,100,192.12289476394653,10.2,0.9507129629629629,0.102,6.2,198,201003626707,100,165.33564734458923,10.0,0.947398148148148,0.1,8.0,199,364265544451,100,186.1581060886383,891.738395690918,0.0006823539733886719
44,192,19.2,5,3,12,13,9,12,9,10,9,12,0,0,0,0,0,0,0,0,0,0,0,0,6.2,8.0,0.9532592592592593,0.08,0.7694153624668539,0.0,0.008796362085523996,0.0,5,8.0,0.9651157407407407,0.08,6.6,200,930991777518,100,157.26506662368774,8.0,0.951111111111111,0.08,6.2,201,904228343075,100,185.51754546165466,8.0,0.9428009259259258,0.08,5.2,202,457233886569,100,184.92502427101135,8.0,0.9455092592592592,0.08,5.6,203,201003626707,100,190.9819586277008,8.0,0.9617592592592593,0.08,7.4,204,364265544451,100,167.6116316318512,886.3012266159058,0.0006823539733886719
45,123,12.3,5,3,10,12,10,11,11,14,9,11,10,11,11,13,9,10,9,13,0,0,0,0,11.52,15.2,0.9557343749999999,0.152,1.9415457759218555,0.2190890230020663,0.0085671972177651,0.0021908902300206666,5,14.8,0.9487355324074072,0.148,15.2,205,930991777518,100,296.77295684814453,15.2,0.9542997685185184,0.152,10.2,206,904228343075,100,254.96046495437622,15.2,0.9481597222222221,0.152,10.2,207,457233886569,100,263.31639862060547,15.4,0.9556626157407406,0.154,10.2,208,201003626707,100,221.70353293418884,15.4,0.9718142361111111,0.154,11.8,209,364265544451,100,200.3566906452179,1237.110044002533,0.0006849765777587891
46,196,19.6,5,3,9,11,9,13,9,10,10,14,0,0,0,0,0,0,0,0,0,0,0,0,8.680000000000001,11.120000000000001,0.9611562499999999,0.11120000000000001,1.5625619987699693,0.16000000000000006,0.00430381349165921,0.0016000000000000014,5,11.0,0.9668055555555556,0.11,9.4,210,930991777518,100,168.32490587234497,11.0,0.9595833333333332,0.11,9.8,211,904228343075,100,188.70783042907715,11.2,0.9547569444444444,0.112,5.6,212,457233886569,100,179.16485118865967,11.4,0.965017361111111,0.114,9.6,213,201003626707,100,148.29814958572388,11.0,0.9596180555555556,0.11,9.0,214,364265544451,100,185.3074893951416,869.8032264709473,0.0006794929504394531
47,195,19.5,5,3,9,11,12,13,9,12,10,11,9,12,0,0,0,0,0,0,0,0,0,0,7.88,10.0,0.9450648148148147,0.1,1.0777754868245983,0.0,0.012001936000665023,0.0,5,10.0,0.9669444444444443,0.1,9.2,215,930991777518,100,148.77512884140015,10.0,0.9477685185185184,0.1,9.0,216,904228343075,100,171.1821551322937,10.0,0.9339537037037037,0.1,6.8,217,457233886569,100,211.3953936100006,10.0,0.9351666666666667,0.1,7.8,218,201003626707,100,206.65570902824402,10.0,0.9414907407407405,0.1,6.6,219,364265544451,100,181.53587532043457,919.544261932373,0.0006992816925048828
48,196,19.6,5,4,12,14,12,13,9,12,9,10,9,12,0,0,0,0,0,0,0,0,0,0,8.52,10.0,0.947124074074074,0.1,1.6569852141766386,0.0,0.010971392529968087,0.0,5,10.0,0.9677962962962962,0.1,10.4,220,930991777518,100,163.47082996368408,10.0,0.9465555555555554,0.1,5.6,221,904228343075,100,203.2509684562683,10.0,0.9436296296296295,0.1,8.4,222,457233886569,100,199.05969309806824,10.0,0.9353518518518517,0.1,8.4,223,201003626707,100,221.8466353416443,10.0,0.9422870370370369,0.1,9.8,224,364265544451,100,194.77552556991577,982.4036524295807,0.0006775856018066406
49,116,11.6,5,4,9,11,9,13,9,10,11,12,9,11,9,13,0,0,0,0,0,0,0,0,10.2,13.2,0.9662638888888887,0.132,1.0807404868885035,0.0,0.009121628743795856,0.0,5,13.2,0.9710995370370369,0.132,11.6,225,930991777518,100,184.34835863113403,13.2,0.9717245370370368,0.132,11.0,226,904228343075,100,193.61412405967712,13.2,0.9519328703703702,0.132,8.6,227,457233886569,100,221.26978492736816,13.2,0.9596412037037038,0.132,10.4,228,201003626707,100,234.1731517314911,13.2,0.9769212962962962,0.132,9.4,229,364265544451,100,175.43306851387024,1008.8384878635406,0.0008575916290283203
50,192,19.2,5,4,10,12,9,12,12,13,10,11,9,10,12,14,0,0,0,0,0,0,0,0,6.88,10.0,0.9432854938271603,0.1,0.8997777503361596,0.0,0.007524282757113316,0.0,5,10.0,0.9396064814814814,0.1,7.2,230,930991777518,100,218.13606762886047,10.0,0.9350848765432097,0.1,5.8,231,904228343075,100,222.82278776168823,10.0,0.9461342592592591,0.1,6.8,232,457233886569,100,211.0283761024475,10.0,0.9390432098765432,0.1,6.2,233,201003626707,100,230.47797966003418,10.0,0.9565586419753086,0.1,8.4,234,364265544451,100,185.73161149024963,1068.19682264328,0.0006885528564453125
51,19,1.9,5,4,9,12,12,14,9,11,10,11,11,14,12,14,0,0,0,0,0,0,0,0,4.12,6.640000000000001,0.9233796296296296,0.0664,0.64,0.1496662954709575,0.025291464642747334,0.001496662954709578,5,6.6,0.9369058641975307,0.066,4.2,235,930991777518,100,285.1318008899689,6.4,0.8958256172839505,0.064,3.4,236,904228343075,100,404.9802985191345,6.8,0.906466049382716,0.068,3.4,237,457233886569,100,345.8335590362549,6.8,0.9661574074074073,0.068,4.6,238,201003626707,100,212.80764508247375,6.6,0.9115432098765431,0.066,5.0,239,364265544451,100,371.627681016922,1620.380984544754,0.0006814002990722656
52,195,19.5,5,4,9,11,10,14,12,14,9,10,12,13,9,12,9,10,9,12,0,0,0,0,12.959999999999999,17.04,0.949259259259259,0.17040000000000002,1.2224565431948902,0.07999999999999971,0.0033944610509585174,0.0007999999999999896,5,17.0,0.9478211805555554,0.17,13.6,240,930991777518,100,283.94021677970886,17.0,0.9531221064814813,0.17,13.6,241,904228343075,100,250.97214603424072,17.0,0.943990162037037,0.17,14.0,242,457233886569,100,274.4519839286804,17.0,0.9527806712962962,0.17,13.0,243,201003626707,100,278.4813678264618,17.2,0.9485821759259258,0.172,10.6,244,364265544451,100,242.81649541854858,1330.6622099876404,0.0006990432739257812
53,11,1.1,5,4,10,13,9,12,12,13,9,11,12,13,9,12,0,0,0,0,0,0,0,0,3.28,4.56,0.9333055555555555,0.045599999999999995,0.5878775382679626,0.2653299832284319,0.02252493294583345,0.0026532998322843205,5,4.2,0.900246913580247,0.042,2.2,245,930991777518,100,424.5354034900665,4.6,0.956003086419753,0.046,3.4,246,904228343075,100,258.4621207714081,4.6,0.9578086419753085,0.046,4.0,247,457233886569,100,238.22448015213013,5.0,0.9369212962962962,0.05,3.4,248,201003626707,100,255.8165853023529,4.4,0.9155478395061727,0.044,3.4,249,364265544451,100,419.68828105926514,1596.7268707752228,0.0006780624389648438
54,50,5.0,5,4,12,13,11,12,10,11,9,10,12,14,12,14,0,0,0,0,0,0,0,0,3.9599999999999995,6.24,0.9510648148148146,0.0624,0.463033476111609,0.1496662954709578,0.018956142753196396,0.001496662954709578,5,6.4,0.9649999999999999,0.064,4.6,250,930991777518,100,175.70766687393188,6.4,0.970046296296296,0.064,3.4,251,904228343075,100,172.88925433158875,6.2,0.9509027777777775,0.062,3.6,252,457233886569,100,192.24799585342407,6.2,0.9159027777777776,0.062,3.8,253,201003626707,100,261.7241497039795,6.0,0.953472222222222,0.06,4.4,254,364265544451,100,199.73918461799622,1002.3082513809204,0.0006880760192871094
55,119,11.9,5,4,9,11,9,10,11,14,9,10,10,11,9,10,11,13,9,11,9,13,0,0,11.959999999999999,16.2,0.9622098765432098,0.162,2.2032702966272657,0.17888543819998254,0.003952912811523603,0.0017888543819998333,5,16.0,0.964349279835391,0.16,12.2,255,930991777518,100,244.08445119857788,16.0,0.9577391975308641,0.16,12.2,256,904228343075,100,256.0764422416687,16.4,0.9631970164609053,0.164,13.6,257,457233886569,100,238.78509712219238,16.2,0.9577983539094649,0.162,14.0,258,201003626707,100,261.9391644001007,16.4,0.9679655349794238,0.164,7.8,259,364265544451,100,230.43435621261597,1231.3195111751556,0.0006985664367675781
56,121,12.1,5,4,9,11,10,11,9,11,9,10,9,11,9,10,9,11,0,0,0,0,0,0,7.24,10.440000000000001,0.9498531746031744,0.1044,1.6365818036383029,0.19595917942265464,0.010040463612254389,0.001959591794226544,5,10.4,0.9352777777777777,0.104,5.8,260,930991777518,100,242.80787706375122,10.4,0.9466071428571425,0.104,7.4,261,904228343075,100,225.32573008537292,10.8,0.9627777777777775,0.108,5.2,262,457233886569,100,192.42169284820557,10.4,0.9594444444444443,0.104,8.0,263,201003626707,100,219.6515293121338,10.2,0.94515873015873,0.102,9.8,264,364265544451,100,236.18707633018494,1116.3939056396484,0.0006859302520751953
57,188,18.8,5,4,10,14,12,13,10,13,9,10,9,13,0,0,0,0,0,0,0,0,0,0,10.92,13.0,0.9524305555555553,0.13,1.3481839637082174,0.0,0.01322017050167192,0.0,5,13.0,0.9753055555555553,0.13,12.8,265,930991777518,100,160.25441431999207,13.0,0.9584074074074073,0.13,11.2,266,904228343075,100,180.69248843193054,13.0,0.9475092592592592,0.13,8.8,267,457233886569,100,197.51058769226074,13.0,0.941935185185185,0.13,10.2,268,201003626707,100,230.95177102088928,13.0,0.9389953703703704,0.13,11.6,269,364265544451,100,234.268883228302,1003.6781446933746,0.0006852149963378906
58,185,18.5,5,4,10,11,10,14,12,14,9,13,9,12,10,13,9,11,0,0,0,0,0,0,14.4,19.080000000000002,0.9600158730158729,0.1908,2.1725560982400425,0.09797958971132678,0.01012893562777715,0.000979795897113272,5,19.0,0.9678174603174601,0.19,16.2,270,930991777518,100,195.63228249549866,19.0,0.9553174603174602,0.19,10.8,271,904228343075,100,254.55365920066833,19.0,0.942278439153439,0.19,13.0,272,457233886569,100,292.6692125797272,19.2,0.9652910052910052,0.192,16.4,273,201003626707,100,212.70093178749084,19.2,0.969375,0.192,15.6,274,364265544451,100,205.0876100063324,1160.6436960697174,0.0006725788116455078
59,184,18.4,5,4,11,14,10,13,10,14,12,13,9,13,12,14,9,10,10,11,9,11,0,0,15.799999999999997,21.080000000000002,0.9522381687242797,0.21080000000000002,1.152388823271035,0.09797958971132678,0.005010936943050843,0.000979795897113272,5,21.0,0.9545396090534979,0.21,15.6,275,930991777518,100,267.8898720741272,21.0,0.9586676954732509,0.21,17.8,276,904228343075,100,249.07147359848022,21.2,0.9510648148148148,0.212,14.2,277,457233886569,100,283.3119945526123,21.0,0.9435108024691358,0.21,15.8,278,201003626707,100,325.4173707962036,21.2,0.9534079218106994,0.212,15.6,279,364265544451,100,272.28986120224,1397.9805722236633,0.0006818771362304688
60,15,1.5,5,5,10,12,9,12,12,13,10,11,9,13,12,14,0,0,0,0,0,0,0,0,3.96,5.88,0.9538626543209876,0.0588,0.8039900496896712,0.27129319932501067,0.011586975679668812,0.0027129319932501068,5,5.8,0.9398225308641974,0.058,4.6,280,930991777518,100,285.5634560585022,6.0,0.9485570987654319,0.06,4.0,281,904228343075,100,251.1539125442505,6.2,0.9587345679012343,0.062,2.4,282,457233886569,100,226.5231852531433,6.0,0.9484992283950615,0.06,4.4,283,201003626707,100,233.57360982894897,5.4,0.9736998456790125,0.054,4.4,284,364265544451,100,199.94287157058716,1196.7570352554321,0.0006792545318603516
61,192,19.2,5,5,10,12,9,12,12,13,10,11,11,14,9,10,12,14,0,0,0,0,0,0,8.96,13.0,0.9478611111111108,0.13,0.6621178142898742,0.0,0.007741276648947436,0.0,5,13.0,0.953935185185185,0.13,9.8,285,930991777518,100,225.7869918346405,13.0,0.9546494708994707,0.13,8.0,286,904228343075,100,227.6586127281189,13.0,0.9332142857142856,0.13,8.8,287,457233886569,100,266.67429184913635,13.0,0.9492724867724867,0.13,9.6,288,201003626707,100,231.155357837677,13.0,0.9482341269841269,0.13,8.6,289,364265544451,100,235.10970735549927,1186.384961605072,0.0006883144378662109
62,121,12.1,5,5,9,11,10,11,11,14,9,12,9,10,11,13,9,11,9,13,0,0,0,0,12.280000000000001,17.0,0.9584866898148148,0.16999999999999998,0.7652450587883597,0.21908902300206565,0.016000057623279343,0.0021908902300206566,5,17.2,0.9824826388888888,0.172,13.4,290,930991777518,100,185.69199132919312,17.0,0.9660503472222222,0.17,12.4,291,904228343075,100,248.55341124534607,16.6,0.9336024305555555,0.166,12.4,292,457233886569,100,339.807311296463,17.2,0.9568055555555555,0.172,12.2,293,201003626707,100,258.7274959087372,17.0,0.9534924768518517,0.17,11.0,294,364265544451,100,285.98970556259155,1318.769915342331,0.0006809234619140625
63,19,1.9,5,5,9,12,12,14,9,11,10,11,11,14,12,14,0,0,0,0,0,0,0,0,4.12,6.640000000000001,0.9233796296296296,0.0664,0.64,0.1496662954709575,0.025291464642747334,0.001496662954709578,5,6.6,0.9369058641975307,0.066,4.2,235,930991777518,100,285.1318008899689,6.4,0.8958256172839505,0.064,3.4,236,904228343075,100,404.9802985191345,6.8,0.906466049382716,0.068,3.4,237,457233886569,100,345.8335590362549,6.8,0.9661574074074073,0.068,4.6,238,201003626707,100,212.80764508247375,6.6,0.9115432098765431,0.066,5.0,239,364265544451,100,371.627681016922,1620.380984544754,0.0006771087646484375
64,121,12.1,5,5,10,11,10,14,9,11,9,10,11,13,9,11,0,0,0,0,0,0,0,0,8.0,11.36,0.9583564814814813,0.1136,1.4805404418657397,0.1496662954709579,0.0019630257458513687,0.0014966629547095778,5,11.2,0.9600578703703704,0.112,7.6,295,930991777518,100,209.5882544517517,11.4,0.9606944444444442,0.114,9.6,296,904228343075,100,201.9015383720398,11.4,0.9589004629629628,0.114,6.0,297,457233886569,100,226.3954348564148,11.6,0.9562962962962961,0.116,7.0,298,201003626707,100,194.4793975353241,11.2,0.9558333333333331,0.112,9.8,299,364265544451,100,230.83505725860596,1063.1996824741364,0.0006763935089111328
65,197,19.7,5,5,10,12,9,13,12,14,9,12,9,10,12,13,12,14,0,0,0,0,0,0,11.84,15.080000000000002,0.9484219576719577,0.1508,1.1689311356961969,0.16000000000000014,0.012813792263215261,0.0016000000000000014,5,15.0,0.9582705026455027,0.15,12.4,300,930991777518,100,235.35849452018738,15.0,0.9425396825396825,0.15,11.6,301,904228343075,100,257.776216506958,15.0,0.9303935185185183,0.15,10.8,302,457233886569,100,292.84454250335693,15.4,0.9669742063492063,0.154,13.8,303,201003626707,100,185.66124367713928,15.0,0.9439318783068781,0.15,10.6,304,364265544451,100,257.0924892425537,1228.7329864501953,0.00067901611328125
66,188,18.8,5,5,12,14,9,10,0,0,0,0,0,0,0,0,0,0,0,0,0,0,0,0,2.28,3.0,0.9665972222222221,0.03,0.530659966456864,0.0,0.013245369561277453,0.0,5,3.0,0.9726388888888886,0.03,1.6,305,930991777518,100,104.6019639968872,3.0,0.9773611111111111,0.03,2.0,306,904228343075,100,97.16311120986938,3.0,0.9540277777777776,0.03,2.0,307,457233886569,100,113.02508878707886,3.0,0.9477777777777777,0.03,3.0,308,201003626707,100,116.53361463546753,3.0,0.9811805555555555,0.03,2.8,309,364265544451,100,93.31977033615112,524.6435489654541,0.0006701946258544922
67,22,2.2,5,5,9,12,12,14,9,11,11,12,9,12,12,14,9,11,0,0,0,0,0,0,5.0,8.28,0.9452473544973545,0.08280000000000001,1.0507140429250958,0.2993325909419156,0.011910215241266954,0.0029933259094191505,5,8.0,0.9340674603174602,0.08,5.8,310,930991777518,100,321.3302619457245,8.4,0.9367063492063491,0.084,4.4,311,904228343075,100,339.69000005722046,8.8,0.963015873015873,0.088,3.4,312,457233886569,100,249.4188597202301,8.2,0.9560648148148149,0.082,5.0,313,201003626707,100,259.0221834182739,8.0,0.936382275132275,0.08,6.4,314,364265544451,100,343.4970953464508,1512.9584004878998,0.0006883144378662109
68,197,19.7,5,5,9,13,12,14,9,12,10,11,12,13,12,13,0,0,0,0,0,0,0,0,9.24,12.040000000000001,0.9439189814814813,0.1204,1.7861690849412888,0.07999999999999971,0.006785886374424768,0.0008000000000000007,5,12.0,0.9451350308641975,0.12,11.8,165,930991777518,100,196.8400616645813,12.0,0.9354359567901233,0.12,7.4,166,904228343075,100,220.53153014183044,12.0,0.9371720679012343,0.12,7.4,167,457233886569,100,219.40096402168274,12.2,0.9483680555555556,0.122,10.8,168,201003626707,100,199.64207935333252,12.0,0.9534837962962962,0.12,8.8,169,364265544451,100,189.11102843284607,1025.525663614273,0.0006761550903320312
69,197,19.7,5,5,9,13,12,14,9,12,10,11,12,13,12,13,0,0,0,0,0,0,0,0,9.24,12.040000000000001,0.9439189814814813,0.1204,1.7861690849412888,0.07999999999999971,0.006785886374424768,0.0008000000000000007,5,12.0,0.9451350308641975,0.12,11.8,165,930991777518,100,196.8400616645813,12.0,0.9354359567901233,0.12,7.4,166,904228343075,100,220.53153014183044,12.0,0.9371720679012343,0.12,7.4,167,457233886569,100,219.40096402168274,12.2,0.9483680555555556,0.122,10.8,168,201003626707,100,199.64207935333252,12.0,0.9534837962962962,0.12,8.8,169,364265544451,100,189.11102843284607,1025.525663614273,0.0006706714630126953
70,51,5.1,5,5,11,14,10,13,9,10,12,13,9,12,9,10,9,12,0,0,0,0,0,0,9.44,11.36,0.9611772486772484,0.1136,0.8616263691415208,0.1496662954709579,0.009713372857709752,0.001496662954709578,5,11.2,0.9755026455026453,0.112,10.2,315,930991777518,100,205.73768711090088,11.6,0.960648148148148,0.116,8.2,316,904228343075,100,233.64523816108704,11.4,0.9648280423280421,0.114,9.2,317,457233886569,100,227.72655534744263,11.4,0.9453571428571427,0.114,9.0,318,201003626707,100,292.87025928497314,11.2,0.9595502645502645,0.112,10.6,319,364265544451,100,259.6120512485504,1219.591791152954,0.0006914138793945312
71,10,1.0,5,5,9,10,11,12,12,13,9,10,12,14,12,14,0,0,0,0,0,0,0,0,1.4,2.6,0.960986111111111,0.025999999999999995,0.7797435475847171,0.33466401061363027,0.020021971170717513,0.003346640106136303,5,2.6,0.9791203703703703,0.026,0.4,320,930991777518,100,176.02646279335022,3.2,0.9855555555555554,0.032,2.2,321,904228343075,100,161.20268607139587,2.6,0.9314583333333332,0.026,1.2,322,457233886569,100,254.81684565544128,2.4,0.9619212962962961,0.024,0.8,323,201003626707,100,202.27174019813538,2.2,0.9468749999999998,0.022,2.4,324,364265544451,100,219.15393543243408,1013.4716701507568,0.0007460117340087891
72,197,19.7,5,6,9,13,12,14,9,12,10,11,12,13,11,12,0,0,0,0,0,0,0,0,9.2,12.040000000000001,0.9439189814814813,0.1204,0.7042726744663605,0.07999999999999971,0.006785886374424768,0.0008000000000000007,5,12.0,0.9451350308641975,0.12,9.4,325,930991777518,100,195.88088965415955,12.0,0.9354359567901233,0.12,8.4,326,904228343075,100,222.53143405914307,12.0,0.9371720679012343,0.12,8.6,327,457233886569,100,221.4808840751648,12.2,0.9483680555555556,0.122,10.4,328,201003626707,100,206.24399328231812,12.0,0.9534837962962962,0.12,9.2,329,364265544451,100,189.68964076042175,1035.8268418312073,0.0006747245788574219
73,121,12.1,5,6,10,14,9,11,9,10,10,12,9,10,0,0,0,0,0,0,0,0,0,0,7.5200000000000005,9.36,0.9425388888888888,0.09359999999999999,1.230284519938376,0.233238075793812,0.023039357428989635,0.002332380757938122,5,9.0,0.9153055555555554,0.09,7.6,330,930991777518,100,239.83060812950134,9.2,0.9170833333333333,0.092,6.2,331,904228343075,100,239.57919096946716,9.6,0.9737916666666665,0.096,6.8,332,457233886569,100,154.6002025604248,9.6,0.9586388888888887,0.096,7.2,333,201003626707,100,171.0410852432251,9.4,0.9478749999999998,0.094,9.8,334,364265544451,100,199.00824522972107,1004.0593321323395,0.0006697177886962891
74,192,19.2,5,6,10,12,9,12,12,13,10,11,11,14,9,10,12,14,0,0,0,0,0,0,8.96,13.0,0.9478611111111108,0.13,0.6621178142898742,0.0,0.007741276648947436,0.0,5,13.0,0.953935185185185,0.13,9.8,285,930991777518,100,225.7869918346405,13.0,0.9546494708994707,0.13,8.0,286,904228343075,100,227.6586127281189,13.0,0.9332142857142856,0.13,8.8,287,457233886569,100,266.67429184913635,13.0,0.9492724867724867,0.13,9.6,288,201003626707,100,231.155357837677,13.0,0.9482341269841269,0.13,8.6,289,364265544451,100,235.10970735549927,1186.384961605072,0.0006728172302246094
75,192,19.2,5,6,10,12,9,12,12,13,10,11,9,10,12,14,0,0,0,0,0,0,0,0,6.88,10.0,0.9432854938271603,0.1,0.8997777503361596,0.0,0.007524282757113316,0.0,5,10.0,0.9396064814814814,0.1,7.2,230,930991777518,100,218.13606762886047,10.0,0.9350848765432097,0.1,5.8,231,904228343075,100,222.82278776168823,10.0,0.9461342592592591,0.1,6.8,232,457233886569,100,211.0283761024475,10.0,0.9390432098765432,0.1,6.2,233,201003626707,100,230.47797966003418,10.0,0.9565586419753086,0.1,8.4,234,364265544451,100,185.73161149024963,1068.19682264328,0.0006792545318603516
76,194,19.4,5,6,10,12,9,12,12,13,10,11,11,14,9,10,12,14,0,0,0,0,0,0,10.16,13.0,0.9477976190476189,0.13,1.0537551897855595,0.0,0.00884822955515636,0.0,5,13.0,0.9584656084656082,0.13,11.4,335,930991777518,100,212.77620339393616,13.0,0.9533796296296295,0.13,10.6,336,904228343075,100,235.1457633972168,13.0,0.932116402116402,0.13,8.4,337,457233886569,100,270.8612689971924,13.0,0.9479761904761904,0.13,10.8,338,201003626707,100,250.23753142356873,13.0,0.9470502645502644,0.13,9.6,339,364265544451,100,236.69664764404297,1205.717414855957,0.0012001991271972656
77,197,19.7,5,6,9,13,12,14,9,12,10,11,12,13,12,13,0,0,0,0,0,0,0,0,9.24,12.040000000000001,0.9439189814814813,0.1204,1.7861690849412888,0.07999999999999971,0.006785886374424768,0.0008000000000000007,5,12.0,0.9451350308641975,0.12,11.8,165,930991777518,100,196.8400616645813,12.0,0.9354359567901233,0.12,7.4,166,904228343075,100,220.53153014183044,12.0,0.9371720679012343,0.12,7.4,167,457233886569,100,219.40096402168274,12.2,0.9483680555555556,0.122,10.8,168,201003626707,100,199.64207935333252,12.0,0.9534837962962962,0.12,8.8,169,364265544451,100,189.11102843284607,1025.525663614273,0.0006747245788574219
78,50,5.0,5,6,12,13,12,14,10,11,9,10,11,12,12,14,9,13,11,13,0,0,0,0,7.2,10.6,0.945032986111111,0.10600000000000001,0.8854377448471462,0.2828427124746193,0.012505853664106845,0.0028284271247461927,5,10.2,0.9674913194444442,0.102,7.6,340,930991777518,100,237.58608388900757,11.0,0.9384201388888888,0.11,6.0,341,904228343075,100,271.9360022544861,10.4,0.9399826388888888,0.104,8.6,342,457233886569,100,293.35996651649475,10.6,0.9309722222222221,0.106,7.2,343,201003626707,100,329.61078357696533,10.8,0.9482986111111109,0.108,6.6,344,364265544451,100,289.6702833175659,1422.1631195545197,0.0006871223449707031
79,192,19.2,5,6,9,11,9,10,12,13,9,10,10,11,11,14,11,12,0,0,0,0,0,0,7.279999999999999,10.0,0.9427248677248675,0.1,1.3481839637082171,0.0,0.010985451726345581,0.0,5,10.0,0.953339947089947,0.1,8.2,345,930991777518,100,192.90868091583252,10.0,0.9409920634920633,0.1,7.0,346,904228343075,100,226.55203080177307,10.0,0.9225132275132274,0.1,5.0,347,457233886569,100,249.53679871559143,10.0,0.945648148148148,0.1,9.0,348,201003626707,100,218.16230058670044,10.0,0.9511309523809522,0.1,7.2,349,364265544451,100,206.0240399837494,1093.1838510036469,0.0006797313690185547
80,192,19.2,5,6,9,10,10,13,12,13,9,12,9,10,9,12,0,0,0,0,0,0,0,0,9.36,12.0,0.9473425925925925,0.12,0.697423830966508,0.0,0.00625169844320595,0.0,5,12.0,0.9513888888888888,0.12,10.2,350,930991777518,100,197.22232961654663,12.0,0.9406635802469133,0.12,9.6,351,904228343075,100,222.69884943962097,12.0,0.939969135802469,0.12,9.8,352,457233886569,100,235.60996532440186,12.0,0.9484722222222223,0.12,9.0,353,201003626707,100,233.75448942184448,12.0,0.9562191358024691,0.12,8.2,354,364265544451,100,198.91243624687195,1088.198070049286,0.0006935596466064453
81,192,19.2,5,6,12,13,10,11,9,10,12,14,0,0,0,0,0,0,0,0,0,0,0,0,3.3199999999999994,5.0,0.9486388888888888,0.05,0.6881860213634102,0.0,0.01194459382981514,0.0,5,5.0,0.9649999999999996,0.05,2.4,355,930991777518,100,130.5398976802826,5.0,0.9451041666666665,0.05,3.2,356,904228343075,100,152.69125080108643,5.0,0.9318055555555554,0.05,2.8,357,457233886569,100,168.64409589767456,5.0,0.9422222222222221,0.05,4.0,358,201003626707,100,155.43584561347961,5.0,0.9590624999999999,0.05,4.2,359,364265544451,100,146.8019642829895,754.1130542755127,0.0006716251373291016
82,197,19.7,5,6,10,11,9,11,12,14,10,11,11,14,9,12,12,13,0,0,0,0,0,0,10.16,13.0,0.9435330687830688,0.13,1.7590906741836818,0.0,0.01009343370949836,0.0,5,13.0,0.9591468253968252,0.13,12.0,360,930991777518,100,206.01917052268982,13.0,0.9435449735449735,0.13,11.2,361,904228343075,100,234.75008463859558,13.0,0.9274206349206349,0.13,7.0,362,457233886569,100,259.65107583999634,13.0,0.9454894179894179,0.13,9.6,363,201003626707,100,236.2419605255127,13.0,0.9420634920634919,0.13,11.0,364,364265544451,100,219.22173810005188,1155.8840296268463,0.0006859302520751953
83,14,1.4,5,6,9,13,9,12,10,11,12,13,12,13,0,0,0,0,0,0,0,0,0,0,3.1199999999999997,4.12,0.9355148148148148,0.0412,1.0007996802557444,0.16000000000000014,0.024413823308087546,0.001599999999999999,5,4.0,0.9237962962962962,0.04,1.4,365,930991777518,100,256.1657705307007,4.2,0.9679768518518518,0.042,2.8,366,904228343075,100,179.64024782180786,4.4,0.9614259259259258,0.044,4.2,367,457233886569,100,190.1283254623413,4.0,0.9083564814814814,0.04,3.2,368,201003626707,100,338.87080478668213,4.0,0.9160185185185183,0.04,4.0,369,364265544451,100,233.28385066986084,1198.0889992713928,0.0006797313690185547
84,50,5.0,5,7,9,10,9,12,10,11,9,10,12,14,11,14,0,0,0,0,0,0,0,0,5.28,8.28,0.9459953703703702,0.08280000000000001,1.8048822676285565,0.2712931993250106,0.01984297701111446,0.0027129319932501033,5,8.2,0.949938271604938,0.082,7.0,370,930991777518,100,235.8781018257141,8.6,0.9611496913580245,0.086,3.8,371,904228343075,100,210.2898542881012,8.6,0.956304012345679,0.086,3.2,372,457233886569,100,202.119304895401,8.0,0.9069521604938271,0.08,4.6,373,201003626707,100,311.87830209732056,8.0,0.9556327160493825,0.08,7.8,374,364265544451,100,238.55773401260376,1198.7232971191406,0.0006859302520751953
85,121,12.1,5,7,11,12,9,10,9,10,10,12,9,10,0,0,0,0,0,0,0,0,0,0,4.279999999999999,5.5600000000000005,0.924333333333333,0.055600000000000004,0.9682974749528164,0.19595917942265412,0.028469568982067314,0.0019595917942265445,5,5.2,0.8738333333333331,0.052,5.0,375,930991777518,100,262.7171404361725,5.6,0.9360277777777775,0.056,2.6,376,904228343075,100,184.13034510612488,5.8,0.9589722222222219,0.058,4.4,377,457233886569,100,159.50162768363953,5.6,0.9352777777777777,0.056,5.4,378,201003626707,100,187.32369256019592,5.6,0.9175555555555555,0.056,4.0,379,364265544451,100,211.3330545425415,1005.0058603286743,0.0006723403930664062
86,22,2.2,5,7,9,12,12,14,9,11,11,12,9,12,12,14,9,11,0,0,0,0,0,0,5.0,8.28,0.9452473544973545,0.08280000000000001,1.0507140429250958,0.2993325909419156,0.011910215241266954,0.0029933259094191505,5,8.0,0.9340674603174602,0.08,5.8,310,930991777518,100,321.3302619457245,8.4,0.9367063492063491,0.084,4.4,311,904228343075,100,339.69000005722046,8.8,0.963015873015873,0.088,3.4,312,457233886569,100,249.4188597202301,8.2,0.9560648148148149,0.082,5.0,313,201003626707,100,259.0221834182739,8.0,0.936382275132275,0.08,6.4,314,364265544451,100,343.4970953464508,1512.9584004878998,0.0006773471832275391
87,22,2.2,5,7,9,12,12,14,9,11,11,12,9,12,12,14,9,11,0,0,0,0,0,0,5.0,8.28,0.9452473544973545,0.08280000000000001,1.0507140429250958,0.2993325909419156,0.011910215241266954,0.0029933259094191505,5,8.0,0.9340674603174602,0.08,5.8,310,930991777518,100,321.3302619457245,8.4,0.9367063492063491,0.084,4.4,311,904228343075,100,339.69000005722046,8.8,0.963015873015873,0.088,3.4,312,457233886569,100,249.4188597202301,8.2,0.9560648148148149,0.082,5.0,313,201003626707,100,259.0221834182739,8.0,0.936382275132275,0.08,6.4,314,364265544451,100,343.4970953464508,1512.9584004878998,0.0006709098815917969
88,121,12.1,5,7,9,13,9,11,9,10,10,12,9,10,9,10,0,0,0,0,0,0,0,0,6.119999999999999,10.6,0.968122685185185,0.10600000000000001,0.9765244492586961,0.0,0.0076653001611389805,1.3877787807814457e-17,5,10.6,0.9772685185185184,0.106,6.4,380,930991777518,100,162.82406091690063,10.6,0.9711458333333333,0.106,6.8,381,904228343075,100,171.89188504219055,10.6,0.9737152777777777,0.106,7.2,382,457233886569,100,190.42653703689575,10.6,0.9567939814814813,0.106,4.4,383,201003626707,100,190.36250066757202,10.6,0.9616898148148145,0.106,5.8,384,364265544451,100,176.9760992527008,892.4810829162598,0.0006740093231201172
89,192,19.2,5,7,9,11,9,11,12,13,9,10,9,10,0,0,0,0,0,0,0,0,0,0,5.12,7.0,0.9506277777777777,0.07,1.2237646832622686,0.0,0.00658054558884851,0.0,5,7.0,0.9625555555555554,0.07,7.4,385,930991777518,100,147.79323148727417,7.0,0.9514999999999999,0.07,5.0,386,904228343075,100,170.44047689437866,7.0,0.9494999999999998,0.07,5.0,387,457233886569,100,161.02646327018738,7.0,0.9433611111111109,0.07,3.8,388,201003626707,100,183.68702125549316,7.0,0.9462222222222222,0.07,4.4,389,364265544451,100,176.56258916854858,839.509782075882,0.0006728172302246094
90,121,12.1,5,7,10,14,9,10,9,10,9,10,0,0,0,0,0,0,0,0,0,0,0,0,4.5600000000000005,6.640000000000001,0.9533402777777775,0.0664,1.0071742649611337,0.1496662954709575,0.014385809308209277,0.001496662954709578,5,6.4,0.9409722222222221,0.064,5.4,390,930991777518,100,185.29954051971436,6.6,0.9413888888888886,0.066,4.0,391,904228343075,100,166.71702671051025,6.8,0.9650347222222222,0.068,3.2,392,457233886569,100,134.67568922042847,6.8,0.9758159722222219,0.068,4.2,393,201003626707,100,134.01463556289673,6.6,0.9434895833333331,0.066,6.0,394,364265544451,100,176.9439823627472,797.650874376297,0.0006680488586425781
91,192,19.2,5,7,10,12,9,12,12,13,10,11,12,13,9,10,12,14,0,0,0,0,0,0,7.5200000000000005,11.0,0.9466071428571426,0.11000000000000001,1.0007996802557446,0.0,0.009943931200871585,1.3877787807814457e-17,5,11.0,0.9594642857142857,0.11,8.4,395,930991777518,100,189.32893896102905,11.0,0.9471626984126982,0.11,7.4,396,904228343075,100,222.9949758052826,11.0,0.92885582010582,0.11,7.0,397,457233886569,100,250.3907434940338,11.0,0.9473148148148146,0.11,6.0,398,201003626707,100,227.00122499465942,11.0,0.9502380952380952,0.11,8.8,399,364265544451,100,211.7223925590515,1101.4382758140564,0.0006763935089111328
92,120,12.0,5,7,10,14,9,11,12,13,10,11,9,10,0,0,0,0,0,0,0,0,0,0,6.76,8.440000000000001,0.9381638888888888,0.08439999999999999,1.2092973166264778,0.19595917942265442,0.01987273824385159,0.0019595917942265375,5,8.2,0.9196249999999999,0.082,8.6,400,930991777518,100,229.55470752716064,8.2,0.9105972222222221,0.082,7.8,401,904228343075,100,264.0581793785095,8.6,0.9635555555555554,0.086,5.8,402,457233886569,100,161.96328711509705,8.6,0.9460972222222221,0.086,6.0,403,201003626707,100,174.32350516319275,8.6,0.9509444444444443,0.086,5.6,404,364265544451,100,164.1204776763916,994.0201568603516,0.0006699562072753906
93,192,19.2,5,7,9,12,9,10,9,12,0,0,0,0,0,0,0,0,0,0,0,0,0,0,5.319999999999999,7.0,0.952037037037037,0.07,1.5625619987699686,0.0,0.005612465712707289,0.0,5,7.0,0.9539814814814815,0.07,4.8,405,930991777518,100,161.05285120010376,7.0,0.9595370370370371,0.07,5.6,406,904228343075,100,163.41241264343262,7.0,0.9535802469135802,0.07,8.2,407,457233886569,100,146.8263955116272,7.0,0.9423765432098765,0.07,3.8,408,201003626707,100,177.1340560913086,7.0,0.9507098765432097,0.07,4.2,409,364265544451,100,146.2207546234131,794.6464700698853,0.0006656646728515625
94,19,1.9,5,7,9,12,12,14,9,11,10,11,12,14,0,0,0,0,0,0,0,0,0,0,3.2,5.04,0.9482129629629629,0.0504,0.8390470785361214,0.08000000000000007,0.0238046512209922,0.0007999999999999979,5,5.0,0.9458518518518518,0.05,4.0,410,930991777518,100,228.73669457435608,5.2,0.9258796296296297,0.052,2.4,411,904228343075,100,265.26004004478455,5.0,0.9191759259259259,0.05,2.4,412,457233886569,100,303.91310691833496,5.0,0.9704814814814814,0.05,2.8,413,201003626707,100,184.03518891334534,5.0,0.9796759259259259,0.05,4.4,414,364265544451,100,143.5848526954651,1125.529883146286,0.0006663799285888672
95,184,18.4,5,7,10,12,9,12,12,13,10,11,11,13,9,10,12,14,0,0,0,0,0,0,9.64,12.0,0.9532671957671957,0.12,1.8391302292116243,0.0,0.010314210585753929,0.0,5,12.0,0.9664748677248676,0.12,9.8,415,930991777518,100,166.91763544082642,12.0,0.955132275132275,0.12,9.6,416,904228343075,100,211.9504897594452,12.0,0.9346230158730158,0.12,6.6,417,457233886569,100,260.3792805671692,12.0,0.9551256613756614,0.12,12.4,418,201003626707,100,210.74054861068726,12.0,0.9549801587301586,0.12,9.8,419,364265544451,100,224.92707014083862,1074.9150245189667,0.0006792545318603516
96,188,18.8,5,8,9,12,9,10,9,12,0,0,0,0,0,0,0,0,0,0,0,0,0,0,4.92,7.0,0.9545185185185184,0.07,0.9682974749528165,0.0,0.005837058709825921,0.0,5,7.0,0.9564197530864197,0.07,6.2,420,930991777518,100,165.2265362739563,7.0,0.9624074074074075,0.07,5.6,421,904228343075,100,154.25785946846008,7.0,0.9561728395061729,0.07,3.8,422,457233886569,100,140.15195417404175,7.0,0.944537037037037,0.07,3.8,423,201003626707,100,172.43681049346924,7.0,0.9530555555555554,0.07,5.2,424,364265544451,100,138.8232421875,770.8964025974274,0.0006730556488037109
97,25,2.5,5,8,9,12,12,14,9,11,11,12,9,12,12,14,9,10,0,0,0,0,0,0,5.159999999999999,8.12,0.933265873015873,0.08120000000000001,0.5713142742834278,0.32496153618543844,0.023360714641854307,0.003249615361854383,5,8.4,0.9687367724867724,0.084,6.0,425,930991777518,100,246.10603547096252,8.6,0.9334788359788359,0.086,4.4,426,904228343075,100,316.73848247528076,8.0,0.9242923280423279,0.08,4.8,427,457233886569,100,370.6275146007538,7.8,0.8971825396825397,0.078,5.0,428,201003626707,100,423.65965008735657,7.8,0.9426388888888889,0.078,5.6,429,364265544451,100,304.699321269989,1661.8310039043427,0.0006835460662841797
98,192,19.2,5,8,9,11,9,11,12,13,9,11,9,10,9,10,9,10,0,0,0,0,0,0,7.56,10.0,0.9426825396825395,0.1,1.8039955654047488,0.0,0.01284044084674766,0.0,5,10.0,0.9555357142857142,0.1,10.2,430,930991777518,100,193.47021651268005,10.0,0.9396626984126982,0.1,5.8,431,904228343075,100,234.19818234443665,10.0,0.9191468253968252,0.1,5.4,432,457233886569,100,271.6805188655853,10.0,0.9484722222222219,0.1,7.6,433,201003626707,100,223.00778722763062,10.0,0.9505952380952379,0.1,8.8,434,364265544451,100,207.38012170791626,1129.736826658249,0.000675201416015625
99,22,2.2,5,8,9,11,12,14,9,12,12,14,0,0,0,0,0,0,0,0,0,0,0,0,2.7600000000000002,4.8,0.9465092592592592,0.048,0.5122499389946279,0.282842712474619,0.018680206465598623,0.0028284271247461905,5,4.4,0.9495833333333332,0.044,2.0,435,930991777518,100,202.84298062324524,5.0,0.9213773148148148,0.05,3.2,436,904228343075,100,250.50038886070251,5.2,0.9785416666666665,0.052,3.4,437,457233886569,100,135.9727954864502,4.8,0.9452546296296296,0.048,2.4,438,201003626707,100,196.685959815979,4.6,0.9377893518518517,0.046,2.8,439,364265544451,100,231.70105290412903,1017.703177690506,0.000682830810546875
100,192,19.2,5,8,9,11,9,11,12,13,9,10,11,12,0,0,0,0,0,0,0,0,0,0,4.840000000000001,7.0,0.9506277777777777,0.07,1.3821722034536799,0.0,0.00658054558884851,0.0,5,7.0,0.9625555555555554,0.07,6.2,440,930991777518,100,144.57468581199646,7.0,0.9514999999999999,0.07,5.0,441,904228343075,100,163.83038783073425,7.0,0.9494999999999998,0.07,3.8,442,457233886569,100,157.46992707252502,7.0,0.9433611111111109,0.07,2.8,443,201003626707,100,182.11819314956665,7.0,0.9462222222222222,0.07,6.4,444,364265544451,100,171.1865577697754,819.1797516345978,0.0006737709045410156
101,192,19.2,5,8,9,11,9,10,12,13,9,10,10,11,11,14,9,10,0,0,0,0,0,0,6.12,10.0,0.9427248677248675,0.1,1.3481839637082174,0.0,0.010985451726345581,0.0,5,10.0,0.953339947089947,0.1,6.4,445,930991777518,100,190.15180110931396,10.0,0.9409920634920633,0.1,4.8,446,904228343075,100,226.09043717384338,10.0,0.9225132275132274,0.1,4.4,447,457233886569,100,251.6264307498932,10.0,0.945648148148148,0.1,7.0,448,201003626707,100,218.15470027923584,10.0,0.9511309523809522,0.1,8.0,449,364265544451,100,205.33913660049438,1091.3625059127808,0.0006835460662841797
102,121,12.1,5,8,11,12,9,10,9,10,12,14,9,10,0,0,0,0,0,0,0,0,0,0,4.16,5.5600000000000005,0.9237388888888886,0.055600000000000004,0.6740919818541086,0.19595917942265412,0.029529116202550065,0.0019595917942265445,5,5.2,0.8708611111111108,0.052,4.0,450,930991777518,100,261.4338552951813,5.6,0.9360277777777775,0.056,3.0,451,904228343075,100,181.54219913482666,5.8,0.9589722222222219,0.058,4.6,452,457233886569,100,156.3590157032013,5.6,0.9352777777777777,0.056,5.0,453,201003626707,100,188.4089412689209,5.6,0.9175555555555555,0.056,4.2,454,364265544451,100,209.47978615760803,997.2237975597382,0.0006690025329589844
103,192,19.2,5,8,9,10,9,10,12,13,9,10,10,11,11,13,11,12,0,0,0,0,0,0,5.319999999999999,8.0,0.9392103174603171,0.08,1.0703270528207722,0.0,0.012572737475951801,0.0,5,8.0,0.9503571428571427,0.08,6.8,455,930991777518,100,189.58984804153442,8.0,0.9328373015873013,0.08,5.0,456,904228343075,100,228.32507395744324,8.0,0.9173809523809523,0.08,3.6,457,457233886569,100,240.70071458816528,8.0,0.94640873015873,0.08,6.0,458,201003626707,100,191.97427940368652,8.0,0.94906746031746,0.08,5.2,459,364265544451,100,195.49314618110657,1046.083062171936,0.0006799697875976562
104,192,19.2,5,8,9,12,9,10,9,12,0,0,0,0,0,0,0,0,0,0,0,0,0,0,5.319999999999999,7.0,0.952037037037037,0.07,1.5625619987699686,0.0,0.005612465712707289,0.0,5,7.0,0.9539814814814815,0.07,4.8,405,930991777518,100,161.05285120010376,7.0,0.9595370370370371,0.07,5.6,406,904228343075,100,163.41241264343262,7.0,0.9535802469135802,0.07,8.2,407,457233886569,100,146.8263955116272,7.0,0.9423765432098765,0.07,3.8,408,201003626707,100,177.1340560913086,7.0,0.9507098765432097,0.07,4.2,409,364265544451,100,146.2207546234131,794.6464700698853,0.0008542537689208984
105,192,19.2,5,8,9,11,9,10,12,13,10,11,11,14,11,12,0,0,0,0,0,0,0,0,7.08,9.0,0.9383287037037036,0.09,1.9538679586911698,0.0,0.0072943347068618394,0.0,5,9.0,0.9419058641975306,0.09,10.2,460,930991777518,100,192.45003080368042,9.0,0.9322530864197529,0.09,5.0,461,904228343075,100,224.73164463043213,9.0,0.9330169753086418,0.09,5.4,462,457233886569,100,217.06562399864197,9.0,0.9333564814814815,0.09,6.4,463,201003626707,100,218.5495319366455,9.0,0.951111111111111,0.09,8.4,464,364265544451,100,186.41937494277954,1039.2162063121796,0.0006778240203857422
106,15,1.5,5,8,10,12,9,12,12,13,9,10,11,13,9,13,9,10,0,0,0,0,0,0,3.9199999999999995,6.4,0.9484477513227512,0.064,0.8059776671843955,0.2828427124746189,0.021281987556430456,0.0028284271247461927,5,6.4,0.9272619047619047,0.064,2.8,465,930991777518,100,337.6042778491974,6.6,0.9693948412698411,0.066,4.2,466,904228343075,100,233.88706254959106,6.0,0.9323048941798939,0.06,5.0,467,457233886569,100,347.83389830589294,6.2,0.9344775132275132,0.062,4.4,468,201003626707,100,324.19338154792786,6.8,0.978799603174603,0.068,3.2,469,364265544451,100,227.13520908355713,1470.6538293361664,0.0006852149963378906
107,121,12.1,5,8,9,10,9,10,10,12,9,10,0,0,0,0,0,0,0,0,0,0,0,0,3.04,4.72,0.9557152777777776,0.0472,0.5122499389946279,0.09797958971132721,0.016018224815333545,0.000979795897113272,5,4.6,0.9656944444444442,0.046,4.0,470,930991777518,100,143.57951021194458,4.8,0.9724305555555554,0.048,3.0,471,904228343075,100,133.9698486328125,4.8,0.9394444444444443,0.048,2.6,472,457233886569,100,155.08683443069458,4.6,0.9334027777777776,0.046,3.0,473,201003626707,100,177.16176772117615,4.8,0.9676041666666665,0.048,2.6,474,364265544451,100,146.59410452842712,756.3920655250549,0.000682830810546875
108,192,19.2,5,9,9,11,9,11,12,13,10,11,10,11,0,0,0,0,0,0,0,0,0,0,5.8,7.0,0.9506277777777777,0.07,0.17888543819998334,0.0,0.00658054558884851,0.0,5,7.0,0.9625555555555554,0.07,6.0,475,930991777518,100,132.2801423072815,7.0,0.9514999999999999,0.07,6.0,476,904228343075,100,149.85398173332214,7.0,0.9494999999999998,0.07,5.8,477,457233886569,100,144.95858073234558,7.0,0.9433611111111109,0.07,5.6,478,201003626707,100,168.43650341033936,7.0,0.9462222222222222,0.07,5.6,479,364265544451,100,158.82671332359314,754.3559215068817,0.0007021427154541016
109,192,19.2,5,9,12,13,9,10,9,10,12,13,0,0,0,0,0,0,0,0,0,0,0,0,2.92,4.0,0.9461249999999998,0.04,0.5741080037762929,0.0,0.015844014428479745,0.0,5,4.0,0.9743055555555552,0.04,3.0,480,930991777518,100,109.92300653457642,4.0,0.9363194444444441,0.04,2.0,481,904228343075,100,150.59270596504211,4.0,0.9299999999999999,0.04,3.4,482,457233886569,100,156.9513168334961,4.0,0.937847222222222,0.04,2.6,483,201003626707,100,147.98025798797607,4.0,0.9521527777777776,0.04,3.6,484,364265544451,100,134.5745677947998,700.0218551158905,0.0006780624389648438
110,196,19.6,5,9,9,11,12,14,9,12,9,10,10,11,11,12,0,0,0,0,0,0,0,0,7.359999999999999,10.0,0.9412376543209875,0.1,0.932952303175248,0.0,0.007890724406819741,0.0,5,10.0,0.9434876543209875,0.1,5.8,485,930991777518,100,204.23236465454102,10.0,0.9322685185185183,0.1,7.6,486,904228343075,100,234.9269814491272,10.0,0.9389814814814814,0.1,7.0,487,457233886569,100,223.49515557289124,10.0,0.9362268518518516,0.1,8.6,488,201003626707,100,243.03823375701904,10.0,0.9552237654320986,0.1,7.8,489,364265544451,100,189.35319542884827,1095.0459308624268,0.0006744861602783203
111,192,19.2,5,9,9,11,9,12,12,13,10,11,11,12,0,0,0,0,0,0,0,0,0,0,6.44,8.040000000000001,0.9518518518518517,0.0804,0.708801805866774,0.07999999999999971,0.006429049833049202,0.0008000000000000007,5,8.0,0.9629259259259259,0.08,6.6,490,930991777518,100,133.3792805671692,8.0,0.9474629629629628,0.08,6.6,491,904228343075,100,169.9135251045227,8.0,0.9468055555555555,0.08,5.8,492,457233886569,100,156.04319071769714,8.2,0.9553888888888886,0.082,5.6,493,201003626707,100,141.01740288734436,8.0,0.9466759259259258,0.08,7.6,494,364265544451,100,168.20074820518494,768.5541474819183,0.0006656646728515625
112,197,19.7,5,9,10,12,9,13,12,14,9,12,10,11,11,12,11,12,0,0,0,0,0,0,10.68,14.080000000000002,0.9473505291005291,0.1408,1.1565465835840767,0.16000000000000014,0.0139254966659007,0.0015999999999999903,5,14.0,0.957417328042328,0.14,10.8,495,930991777518,100,211.36847281455994,14.0,0.9421626984126983,0.14,12.4,496,904228343075,100,232.36859345436096,14.0,0.9268220899470897,0.14,8.8,497,457233886569,100,268.9675416946411,14.4,0.9673710317460316,0.144,10.4,498,201003626707,100,167.07694292068481,14.0,0.9429794973544972,0.14,11.0,499,364265544451,100,232.2458963394165,1112.0274472236633,0.0006771087646484375
113,191,19.1,5,9,9,10,9,10,10,11,11,14,11,12,0,0,0,0,0,0,0,0,0,0,4.8,7.040000000000001,0.9572740740740737,0.0704,0.6693280212272605,0.08000000000000007,0.005858872956315454,0.0007999999999999952,5,7.0,0.963074074074074,0.07,5.0,500,930991777518,100,150.22882771492004,7.0,0.9553888888888886,0.07,4.6,501,904228343075,100,166.3724341392517,7.0,0.9527037037037035,0.07,3.6,502,457233886569,100,167.26894521713257,7.2,0.9651296296296294,0.072,5.4,503,201003626707,100,140.23286938667297,7.0,0.9500740740740738,0.07,5.4,504,364265544451,100,178.97056317329407,803.0736396312714,0.00067138671875
114,25,2.5,5,9,9,11,9,12,12,14,9,11,11,12,11,14,12,14,9,10,0,0,0,0,6.12,9.64,0.957017361111111,0.0964,0.9927738916792688,0.1496662954709579,0.009163254894916125,0.001496662954709578,5,9.4,0.9542939814814814,0.094,7.2,505,930991777518,100,332.62875056266785,9.8,0.9593634259259258,0.098,7.2,506,904228343075,100,273.35137701034546,9.6,0.973611111111111,0.096,4.6,507,457233886569,100,245.4517936706543,9.6,0.9490914351851851,0.096,5.6,508,201003626707,100,316.1269488334656,9.8,0.9487268518518517,0.098,6.0,509,364265544451,100,298.49127650260925,1466.0501465797424,0.000743865966796875
115,192,19.2,5,9,9,10,12,13,10,11,0,0,0,0,0,0,0,0,0,0,0,0,0,0,2.12,3.0,0.9470185185185184,0.03,0.3919183588453085,0.0,0.0046089910342621675,0.0,5,3.0,0.9456481481481479,0.03,2.4,510,930991777518,100,123.6969211101532,3.0,0.9428703703703704,0.03,2.0,511,904228343075,100,130.82986307144165,3.0,0.9426851851851848,0.03,1.4,512,457233886569,100,129.401451587677,3.0,0.9487962962962961,0.03,2.4,513,201003626707,100,123.81189560890198,3.0,0.9550925925925923,0.03,2.4,514,364265544451,100,122.53939199447632,630.2795233726501,0.0006618499755859375
116,25,2.5,5,9,9,12,12,14,9,11,11,12,9,12,12,14,9,10,0,0,0,0,0,0,5.159999999999999,8.12,0.933265873015873,0.08120000000000001,0.5713142742834278,0.32496153618543844,0.023360714641854307,0.003249615361854383,5,8.4,0.9687367724867724,0.084,6.0,425,930991777518,100,246.10603547096252,8.6,0.9334788359788359,0.086,4.4,426,904228343075,100,316.73848247528076,8.0,0.9242923280423279,0.08,4.8,427,457233886569,100,370.6275146007538,7.8,0.8971825396825397,0.078,5.0,428,201003626707,100,423.65965008735657,7.8,0.9426388888888889,0.078,5.6,429,364265544451,100,304.699321269989,1661.8310039043427,0.0006899833679199219
117,25,2.5,5,9,9,12,12,14,9,11,11,12,9,12,12,14,9,10,0,0,0,0,0,0,5.159999999999999,8.12,0.933265873015873,0.08120000000000001,0.5713142742834278,0.32496153618543844,0.023360714641854307,0.003249615361854383,5,8.4,0.9687367724867724,0.084,6.0,425,930991777518,100,246.10603547096252,8.6,0.9334788359788359,0.086,4.4,426,904228343075,100,316.73848247528076,8.0,0.9242923280423279,0.08,4.8,427,457233886569,100,370.6275146007538,7.8,0.8971825396825397,0.078,5.0,428,201003626707,100,423.65965008735657,7.8,0.9426388888888889,0.078,5.6,429,364265544451,100,304.699321269989,1661.8310039043427,0.0006754398345947266
118,25,2.5,5,9,9,12,12,14,9,11,11,12,9,12,12,14,9,10,0,0,0,0,0,0,5.159999999999999,8.12,0.933265873015873,0.08120000000000001,0.5713142742834278,0.32496153618543844,0.023360714641854307,0.003249615361854383,5,8.4,0.9687367724867724,0.084,6.0,425,930991777518,100,246.10603547096252,8.6,0.9334788359788359,0.086,4.4,426,904228343075,100,316.73848247528076,8.0,0.9242923280423279,0.08,4.8,427,457233886569,100,370.6275146007538,7.8,0.8971825396825397,0.078,5.0,428,201003626707,100,423.65965008735657,7.8,0.9426388888888889,0.078,5.6,429,364265544451,100,304.699321269989,1661.8310039043427,0.0006818771362304688
119,22,2.2,5,9,9,11,12,14,9,12,12,14,0,0,0,0,0,0,0,0,0,0,0,0,2.7600000000000002,4.8,0.9465092592592592,0.048,0.5122499389946279,0.282842712474619,0.018680206465598623,0.0028284271247461905,5,4.4,0.9495833333333332,0.044,2.0,435,930991777518,100,202.84298062324524,5.0,0.9213773148148148,0.05,3.2,436,904228343075,100,250.50038886070251,5.2,0.9785416666666665,0.052,3.4,437,457233886569,100,135.9727954864502,4.8,0.9452546296296296,0.048,2.4,438,201003626707,100,196.685959815979,4.6,0.9377893518518517,0.046,2.8,439,364265544451,100,231.70105290412903,1017.703177690506,0.0006687641143798828
120,192,19.2,5,10,9,11,9,10,12,13,10,11,11,13,10,11,0,0,0,0,0,0,0,0,5.5200000000000005,8.0,0.9366018518518517,0.08,1.203993355463393,0.0,0.008413750360589257,0.0,5,8.0,0.939722222222222,0.08,7.2,515,930991777518,100,196.33728623390198,8.0,0.9273148148148146,0.08,5.2,516,904228343075,100,220.1262366771698,8.0,0.9318287037037036,0.08,4.0,517,457233886569,100,213.55894660949707,8.0,0.9327083333333333,0.08,4.6,518,201003626707,100,206.1882288455963,8.0,0.9514351851851851,0.08,6.6,519,364265544451,100,175.8733685016632,1012.0840668678284,0.0006723403930664062
121,192,19.2,5,10,12,13,9,10,9,10,0,0,0,0,0,0,0,0,0,0,0,0,0,0,1.8,3.0,0.9470185185185184,0.03,0.39999999999999997,0.0,0.0046089910342621675,0.0,5,3.0,0.9456481481481479,0.03,1.2,520,930991777518,100,124.50906372070312,3.0,0.9428703703703704,0.03,1.6,521,904228343075,100,130.15528202056885,3.0,0.9426851851851848,0.03,1.8,522,457233886569,100,131.14727210998535,3.0,0.9487962962962961,0.03,2.4,523,201003626707,100,127.62113881111145,3.0,0.9550925925925923,0.03,2.0,524,364265544451,100,121.39124822616577,634.8240048885345,0.0006654262542724609
122,29,2.9,5,10,9,12,12,14,11,12,9,12,11,14,0,0,0,0,0,0,0,0,0,0,4.8,7.279999999999999,0.9511481481481481,0.0728,0.9465727652959384,0.2712931993250107,0.013414812769699396,0.0027129319932501046,5,6.8,0.9301574074074074,0.068,4.6,525,930991777518,100,242.19870805740356,7.2,0.9723981481481481,0.072,4.6,526,904228343075,100,170.5473518371582,7.4,0.9512685185185183,0.074,6.6,527,457233886569,100,201.42167162895203,7.6,0.9490185185185185,0.076,3.8,528,201003626707,100,234.37136507034302,7.4,0.952898148148148,0.074,4.4,529,364265544451,100,204.98916363716125,1053.528260231018,0.0006780624389648438
123,188,18.8,5,10,9,11,9,11,12,13,9,10,9,10,0,0,0,0,0,0,0,0,0,0,5.5200000000000005,7.0,0.9524888888888887,0.07,1.661806246227279,0.0,0.006832872613194832,0.0,5,7.0,0.9650833333333331,0.07,8.6,530,930991777518,100,146.8370385169983,7.0,0.9539166666666665,0.07,3.6,531,904228343075,100,165.15206933021545,7.0,0.9491666666666665,0.07,4.8,532,457233886569,100,160.03044152259827,7.0,0.9456388888888887,0.07,5.2,533,201003626707,100,181.52137875556946,7.0,0.9486388888888886,0.07,5.4,534,364265544451,100,171.4647834300995,825.005711555481,0.0007348060607910156
124,25,2.5,5,10,9,12,12,14,9,11,11,12,9,12,12,14,9,10,0,0,0,0,0,0,5.159999999999999,8.12,0.933265873015873,0.08120000000000001,0.5713142742834278,0.32496153618543844,0.023360714641854307,0.003249615361854383,5,8.4,0.9687367724867724,0.084,6.0,425,930991777518,100,246.10603547096252,8.6,0.9334788359788359,0.086,4.4,426,904228343075,100,316.73848247528076,8.0,0.9242923280423279,0.08,4.8,427,457233886569,100,370.6275146007538,7.8,0.8971825396825397,0.078,5.0,428,201003626707,100,423.65965008735657,7.8,0.9426388888888889,0.078,5.6,429,364265544451,100,304.699321269989,1661.8310039043427,0.0006833076477050781
125,25,2.5,5,10,9,12,12,14,9,11,11,12,9,12,12,14,9,10,0,0,0,0,0,0,5.159999999999999,8.12,0.933265873015873,0.08120000000000001,0.5713142742834278,0.32496153618543844,0.023360714641854307,0.003249615361854383,5,8.4,0.9687367724867724,0.084,6.0,425,930991777518,100,246.10603547096252,8.6,0.9334788359788359,0.086,4.4,426,904228343075,100,316.73848247528076,8.0,0.9242923280423279,0.08,4.8,427,457233886569,100,370.6275146007538,7.8,0.8971825396825397,0.078,5.0,428,201003626707,100,423.65965008735657,7.8,0.9426388888888889,0.078,5.6,429,364265544451,100,304.699321269989,1661.8310039043427,0.0006706714630126953
126,26,2.6,5,10,9,12,9,12,11,12,9,10,9,11,9,10,0,0,0,0,0,0,0,0,4.84,6.44,0.9428827160493827,0.0644,0.9748846085563151,0.23323807579381187,0.020796044933417756,0.0023323807579381226,5,6.6,0.9733487654320986,0.066,5.0,535,930991777518,100,217.97758769989014,6.4,0.938966049382716,0.064,5.8,536,904228343075,100,279.55797958374023,6.6,0.9595987654320988,0.066,4.4,537,457233886569,100,229.56918597221375,6.6,0.9199305555555556,0.066,5.8,538,201003626707,100,317.8461229801178,6.0,0.9225694444444444,0.06,3.2,539,364265544451,100,314.229275226593,1359.180151462555,0.0006747245788574219
127,118,11.8,5,10,10,14,11,13,9,10,12,13,10,12,12,13,0,0,0,0,0,0,0,0,7.760000000000001,10.559999999999999,0.9675277777777775,0.1056,0.46303347611160894,0.07999999999999971,0.004176599528902488,0.0008000000000000007,5,10.6,0.9747916666666665,0.106,8.4,540,930991777518,100,149.8674623966217,10.6,0.9630555555555554,0.106,8.2,541,904228343075,100,192.62173461914062,10.6,0.964560185185185,0.106,7.6,542,457233886569,100,160.42395281791687,10.6,0.9659374999999998,0.106,7.4,543,201003626707,100,174.29531598091125,10.4,0.9692939814814814,0.104,7.2,544,364265544451,100,188.70246767997742,865.9109334945679,0.0006775856018066406
128,192,19.2,5,10,9,10,12,13,10,11,0,0,0,0,0,0,0,0,0,0,0,0,0,0,2.12,3.0,0.9470185185185184,0.03,0.3919183588453085,0.0,0.0046089910342621675,0.0,5,3.0,0.9456481481481479,0.03,2.4,510,930991777518,100,123.6969211101532,3.0,0.9428703703703704,0.03,2.0,511,904228343075,100,130.82986307144165,3.0,0.9426851851851848,0.03,1.4,512,457233886569,100,129.401451587677,3.0,0.9487962962962961,0.03,2.4,513,201003626707,100,123.81189560890198,3.0,0.9550925925925923,0.03,2.4,514,364265544451,100,122.53939199447632,630.2795233726501,0.0006873607635498047
129,197,19.7,5,10,9,12,12,14,9,12,12,13,11,12,0,0,0,0,0,0,0,0,0,0,7.76,10.0,0.9471055555555555,0.1,1.2158947322856535,0.0,0.009941743201648165,0.0,5,10.0,0.9646296296296295,0.1,9.8,545,930991777518,100,136.63897228240967,10.0,0.948787037037037,0.1,6.6,546,904228343075,100,165.20458889007568,10.0,0.9449629629629628,0.1,7.4,547,457233886569,100,158.6466405391693,10.0,0.9344444444444443,0.1,6.6,548,201003626707,100,197.24689054489136,10.0,0.9427037037037035,0.1,8.4,549,364265544451,100,163.94210648536682,821.6791987419128,0.00067901611328125
130,191,19.1,5,10,9,11,12,14,9,11,9,10,11,12,9,12,11,14,0,0,0,0,0,0,10.48,14.0,0.9495648148148147,0.14,1.547126368465097,0.0,0.008826003462078536,0.0,5,14.0,0.9640806878306877,0.14,9.8,550,930991777518,100,194.88667511940002,14.0,0.9475396825396825,0.14,11.2,551,904228343075,100,251.12898755073547,14.0,0.9363888888888888,0.14,7.8,552,457233886569,100,273.8973591327667,14.0,0.9492592592592591,0.14,12.2,553,201003626707,100,236.75887179374695,14.0,0.9505555555555555,0.14,11.4,554,364265544451,100,245.1947054862976,1201.8665990829468,0.0006833076477050781
131,28,2.8,5,10,9,11,12,14,9,12,10,11,11,12,0,0,0,0,0,0,0,0,0,0,4.24,5.359999999999999,0.9556370370370371,0.0536,0.47999999999999987,0.1496662954709575,0.013454319146790914,0.001496662954709578,5,5.2,0.9577870370370369,0.052,4.0,555,930991777518,100,184.90944981575012,5.2,0.930898148148148,0.052,4.0,556,904228343075,100,223.84330701828003,5.6,0.9542962962962962,0.056,4.8,557,457233886569,100,176.41937518119812,5.4,0.9680185185185184,0.054,3.6,558,201003626707,100,179.71763515472412,5.4,0.9671851851851851,0.054,4.8,559,364265544451,100,180.14293885231018,945.0327060222626,0.0006787776947021484
